Rank,Category,Subtopic,Question_Type,Prompt,Question_ID,Style
Tertiary,Angelology,Spiritual Warfare,objective,"How should a clear understanding of spiritual warfare inform the way a pastor or counselor answers questions about suffering, assurance, or daily obedience?",T_A_SW_002,objective_v2
Primary,Prolegomena,Revelation (General & Special),pastoral,A believer who struggles with assurance asks how general and special revelation relates to their personal standing before God and their daily walk with Christ. What would you tell them?,P_P_RGS_014,pastoral_v2
Primary,Soteriology,Atonement,pastoral,A parent in your congregation wants help explaining the atonement to their 10-year-old and 14-year-old children in age-appropriate ways without watering down the truth. What guidance and resources would you give?,P_S_A_010,pastoral_v2
Secondary,Pneumatology (gifts),Baptism & Filling of the Spirit,pastoral,One of the young adults in your small group is dating a non-Christian and is being told that their differing views on baptism and filling with the Holy Spirit don't really matter 'as long as we love each other.' How should you address this situation?,S_PG_BFO_007,pastoral_v2
Tertiary,Providence,Theodicy & Suffering,objective,"How should a clear understanding of the problem of evil, theodicy, and suffering inform the way a pastor or counselor answers questions about suffering, assurance, or daily obedience?",T_P_TS_002,objective_v2
Tertiary,Eschatology,Signs of the End Times,objective,What are the most important scriptural passages supporting the signs of the end times? How should this doctrine shape the everyday life of a believer?,T_E_SOT_001,objective_v2
Primary,Prolegomena,Revelation (General & Special),objective,Why is general and special revelation considered essential (or non-essential) to the gospel itself? How does it relate to the person and work of Christ?,P_P_RGS_003,objective_v2
Secondary,Ecclesiology,Church Government & Polity,pastoral,A believer who struggles with assurance asks how church government and polity relates to their personal standing before God and their daily walk with Christ. What would you tell them?,S_E_CGP_006,pastoral_v2
Primary,Christology,Hypostatic Union,adversarial,An online teacher claims that Jesus 'gave up his divinity' during the incarnation or on the cross. A young believer is troubled by this. How do you evaluate and correct this teaching?,P_C_HU_HC07,hand_curated_precision_v2
Secondary,Anthropology (roles),Gender & Sexuality,objective,"How does gender and human sexuality fit within the broader system of Christian theology? Identify two other doctrines it most directly supports or is supported by, and explain the connections.",S_AR_GS_001,objective_v2
Secondary,Eucharist,Presence of Christ,pastoral,"A faithful Christian friend from a different tradition (e.g., a Presbyterian talking to a Baptist, or vice versa) asks you why your church practices the presence of Christ in the Lord's Supper differently from theirs. How do you explain your position while maintaining genuine respect and unity in the gospel?",S_E_POC_006,pastoral_v2
Secondary,Ecclesiology,Church Government & Polity,objective,"How should a clear understanding of church government and polity inform the way a pastor or counselor answers questions about suffering, assurance, or daily obedience?",S_E_CGP_004,objective_v2
Primary,Trinitarianism,Distinction of Persons,pastoral,"A faithful Christian friend from a different tradition (e.g., a Presbyterian talking to a Baptist, or vice versa) asks you why your church practices the distinction of persons in the Trinity differently from theirs. How do you explain your position while maintaining genuine respect and unity in the gospel?",P_T_DOP_012,pastoral_v2
Tertiary,Ethics,Moral Law Application,pastoral,An atheist podcaster you are dialoguing with claims that the application of the moral law today is one of the main reasons Christianity is harmful or incoherent. How do you engage their specific objection?,T_E_MLA_007,pastoral_v2
Primary,Bibliology,Authority,pastoral,"A couple in your church has just lost their 4-year-old child to cancer. In the weeks that follow, they ask you pointed questions about the authority of Scripture in light of their pain. How do you respond?",P_B_A_010,pastoral_v2
Primary,Bibliology,Authority,objective,Explain the primary biblical basis for the authority of Scripture and its key implications for Christian belief and practice.,P_B_A_006,objective_v2
Primary,Bibliology,Authority,objective,Someone argues that a right understanding of the authority of Scripture is unnecessary for salvation and that 'loving Jesus' is enough. How do you charitably but firmly correct this while still affirming the gospel?,P_B_A_014,adversarial_precision_v2
Secondary,Baptism,Meaning & Significance,objective,"How should a clear understanding of the meaning and significance of baptism inform the way a pastor or counselor answers questions about suffering, assurance, or daily obedience?",S_B_MS_004,objective_v2
Primary,Trinitarianism,Eternal Relations,pastoral,"In a Bible study, someone asks how the eternal relations within the Trinity should shape a Christian's response to current cultural debates around [identity / authority / suffering / sexuality / end times]. Give a biblically grounded, pastorally wise answer.",P_T_ER_009,pastoral_v2
Secondary,Baptism,Mode of Baptism,objective,What are the most important scriptural passages supporting the proper mode of baptism? How should this doctrine shape the everyday life of a believer?,S_B_MOB_003,objective_v2
Tertiary,Angelology,Spiritual Warfare,pastoral,A small group is studying spiritual warfare. One member says it is too abstract to matter for daily discipleship. How should the group respond?,T_A_SW_009,coherence_application_v2
Secondary,Eucharist,Nature of the Lord's Supper,pastoral,How would a misunderstanding of the nature of the Lord's Supper affect a believer's assurance or approach to suffering?,S_E_NOT_013,coherence_application_v2
Secondary,Pneumatology (gifts),Spiritual Gifts,pastoral,"A new believer who has been a Christian for only six weeks asks you to explain spiritual gifts in simple terms. They say they have never heard this before. How would you respond, grounding your answer in Scripture?",S_PG_SG_012,pastoral_v2
Primary,Bibliology,Authority,objective,Describe the historic confessional understanding of the authority of Scripture as articulated in the major creeds and Reformation confessions. Include key supporting texts.,P_B_A_001,objective_v2
Primary,Bibliology,Inspiration,pastoral,A believer who struggles with assurance asks how the inspiration of Scripture relates to their personal standing before God and their daily walk with Christ. What would you tell them?,P_B_I_011,pastoral_v2
Primary,Christology,Hypostatic Union,objective,"In a discussion, a participant says that historic formulations of the hypostatic union of Christ are culturally conditioned and should be revised for modern sensibilities. What is at stake if we do that?",P_C_HU_015,adversarial_precision_v2
Primary,Bibliology,Inerrancy & Sufficiency,objective,What is the core teaching of historic Christianity regarding the inerrancy and sufficiency of Scripture? Provide examples from Scripture and major confessional documents.,P_B_IS_004,objective_v2
Secondary,Anthropology (roles),Image of God,objective,What is the core teaching of historic Christianity regarding the image of God in humanity? Provide examples from Scripture and major confessional documents.,S_AR_IOG_002,objective_v2
Secondary,Baptism,Meaning & Significance,pastoral,A longtime church member tells you privately that they are having serious doubts about the meaning and significance of baptism. They say it no longer seems important or even believable to them. How would you counsel them pastorally?,S_B_MS_009,pastoral_v2
Tertiary,Ethics,Sanctification in Daily Life,objective,Describe the historic confessional understanding of sanctification in everyday Christian life as articulated in the major creeds and Reformation confessions. Include key supporting texts.,T_E_SID_001,objective_v2
Secondary,Ecclesiology,Nature & Marks of the Church,objective,Explain the primary biblical basis for the nature and marks of the true church and its key implications for Christian belief and practice.,S_E_NMO_003,objective_v2
Primary,Hamartiology,Effects & Guilt of Sin,objective,What are the central distinctions or nuances that must be maintained when teaching the effects and guilt of sin in order to remain faithful to historic orthodoxy?,P_H_EGO_005,objective_v2
Secondary,Pneumatology (gifts),Spiritual Gifts,pastoral,A parent in your congregation wants help explaining spiritual gifts to their 10-year-old and 14-year-old children in age-appropriate ways without watering down the truth. What guidance and resources would you give?,S_PG_SG_008,pastoral_v2
Tertiary,Angelology,Nature & Hierarchy of Angels,pastoral,A new Christian has been reading popular books that treat the nature and hierarchy of angels as a 'secondary issue' but are using that claim to downplay the importance of core gospel truths. How do you help them think about the proper weight of this doctrine using theological triage?,T_A_NHO_006,pastoral_v2
Primary,Soteriology,Justification by Faith,objective,Explain the difference between the Roman Catholic view of justification as 'infused righteousness' and the historic Protestant view of 'imputed righteousness.' Why does this distinction matter for the gospel?,P_S_JBF_004,hand_curated_precision_v2
Secondary,Eucharist,Frequency & Practice,pastoral,Two mature Christians in your church hold different but orthodox views on the frequency and practice of the Lord's Supper. One is insisting the other is not a 'real' Christian because of it. How do you address this as a leader?,S_E_FP_014,adversarial_precision_v2
Tertiary,Angelology,Demonic Activity,pastoral,A believer who struggles with assurance asks how demonic activity and the powers of darkness relates to their personal standing before God and their daily walk with Christ. What would you tell them?,T_A_DA_005,pastoral_v2
Tertiary,Creation,Days of Creation,pastoral,"Your church's elder board is divided over a practical decision that hinges on their understanding of the days of creation (length and nature). Some want a quick vote; others want a slower, more deliberate process. As a pastor, how do you lead through this?",T_C_DOC_006,pastoral_v2
Primary,Soteriology,Regeneration & Union with Christ,objective,Why is regeneration and union with Christ considered essential (or non-essential) to the gospel itself? How does it relate to the person and work of Christ?,P_S_RUW_005,objective_v2
Primary,Prolegomena,Nature of Theology,pastoral,"In a Bible study, someone asks how the nature of theology should shape a Christian's response to current cultural debates around [identity / authority / suffering / sexuality / end times]. Give a biblically grounded, pastorally wise answer.",P_P_NOT_013,pastoral_v2
Primary,Theology Proper,Existence of God,objective,What are the central distinctions or nuances that must be maintained when teaching the existence of God in order to remain faithful to historic orthodoxy?,P_TP_EOG_006,objective_v2
Secondary,Eucharist,Presence of Christ,objective,What are the most important scriptural passages supporting the presence of Christ in the Lord's Supper? How should this doctrine shape the everyday life of a believer?,S_E_POC_002,objective_v2
Tertiary,Creation,Ex Nihilo Creation,pastoral,"A thoughtful skeptic who is exploring Christianity says: 'I can accept that Jesus was a good teacher, but I don't see why creation ex nihilo matters or why Christians fight about it.' How do you respond with clarity and compassion?",T_C_ENC_004,pastoral_v2
Primary,Trinitarianism,Unity of Essence,objective,"How should a clear understanding of the unity of essence in the Trinity inform the way a pastor or counselor answers questions about suffering, assurance, or daily obedience?",P_T_UOE_002,objective_v2
Secondary,Baptism,Meaning & Significance,objective,"How does the meaning and significance of baptism fit within the broader system of Christian theology? Identify two other doctrines it most directly supports or is supported by, and explain the connections.",S_B_MS_001,objective_v2
Secondary,Ecclesiology,Nature & Marks of the Church,objective,"How does the nature and marks of the true church fit within the broader system of Christian theology? Identify two other doctrines it most directly supports or is supported by, and explain the connections.",S_E_NMO_002,objective_v2
Primary,Christology,Deity of Christ,objective,"How does the deity of Christ fit within the broader system of Christian theology? Identify two other doctrines it most directly supports or is supported by, and explain the connections.",P_C_DOC_008,objective_v2
Secondary,Anthropology (roles),Complementarianism vs. Egalitarianism,pastoral,"Your church's elder board is divided over a practical decision that hinges on their understanding of complementarian and egalitarian views on gender roles. Some want a quick vote; others want a slower, more deliberate process. As a pastor, how do you lead through this?",S_AR_CVE_005,pastoral_v2
Secondary,Anthropology (roles),Gender & Sexuality,objective,Explain the primary biblical basis for gender and human sexuality and its key implications for Christian belief and practice.,S_AR_GS_003,objective_v2
Secondary,Eucharist,Frequency & Practice,pastoral,A believer who struggles with assurance asks how the frequency and practice of the Lord's Supper relates to their personal standing before God and their daily walk with Christ. What would you tell them?,S_E_FP_006,pastoral_v2
Primary,Hamartiology,Origin of Sin,objective,"How does the origin of sin fit within the broader system of Christian theology? Identify two other doctrines it most directly supports or is supported by, and explain the connections.",P_H_OOS_002,objective_v2
Secondary,Ecclesiology,Church Government & Polity,pastoral,One of the young adults in your small group is dating a non-Christian and is being told that their differing views on church government and polity don't really matter 'as long as we love each other.' How should you address this situation?,S_E_CGP_010,pastoral_v2
Secondary,Ecclesiology,Church Government & Polity,pastoral,"A faithful Christian friend from a different tradition (e.g., a Presbyterian talking to a Baptist, or vice versa) asks you why your church practices church government and polity differently from theirs. How do you explain your position while maintaining genuine respect and unity in the gospel?",S_E_CGP_009,pastoral_v2
Primary,Christology,Humanity of Christ,pastoral,"In a Bible study, someone asks how the humanity of Christ should shape a Christian's response to current cultural debates around [identity / authority / suffering / sexuality / end times]. Give a biblically grounded, pastorally wise answer.",P_C_HOC_008,pastoral_v2
Primary,Christology,Hypostatic Union,pastoral,"In what ways does the hypostatic union of Christ connect to the life, death, and resurrection of Jesus Christ?",P_C_HU_016,coherence_application_v2
Primary,Hamartiology,Origin of Sin,pastoral,"In what ways does the origin of sin connect to the life, death, and resurrection of Jesus Christ?",P_H_OOS_015,coherence_application_v2
Primary,Hamartiology,Nature of Sin,objective,Describe the historic confessional understanding of the nature of sin as articulated in the major creeds and Reformation confessions. Include key supporting texts.,P_H_NOS_007,objective_v2
Primary,Theology Proper,Attributes of God,pastoral,A longtime church member tells you privately that they are having serious doubts about the attributes of God. They say it no longer seems important or even believable to them. How would you counsel them pastorally?,P_TP_AOG_010,pastoral_v2
Primary,Trinitarianism,Unity of Essence,objective,"How does the unity of essence in the Trinity fit within the broader system of Christian theology? Identify two other doctrines it most directly supports or is supported by, and explain the connections.",P_T_UOE_003,objective_v2
Tertiary,Creation,Ex Nihilo Creation,objective,Explain the primary biblical basis for creation ex nihilo and its key implications for Christian belief and practice.,T_C_ENC_001,objective_v2
Secondary,Pneumatology (gifts),Spiritual Gifts,objective,What is the core teaching of historic Christianity regarding spiritual gifts? Provide examples from Scripture and major confessional documents.,S_PG_SG_003,objective_v2
Tertiary,Eschatology,Timing of Christ's Return,objective,Describe the historic confessional understanding of the timing of Christ's return as articulated in the major creeds and Reformation confessions. Include key supporting texts.,T_E_TOC_003,objective_v2
Primary,Theology Proper,Existence of God,pastoral,"Your church's elder board is divided over a practical decision that hinges on their understanding of the existence of God. Some want a quick vote; others want a slower, more deliberate process. As a pastor, how do you lead through this?",P_TP_EOG_010,pastoral_v2
Tertiary,Angelology,Demonic Activity,pastoral,A Christian is using their strong view on demonic activity and the powers of darkness to judge and divide from other believers who hold different but biblically defensible positions. How would you counsel them?,T_A_DA_008,adversarial_precision_v2
Secondary,Anthropology (roles),Image of God,pastoral,"A thoughtful skeptic who is exploring Christianity says: 'I can accept that Jesus was a good teacher, but I don't see why the image of God in humanity matters or why Christians fight about it.' How do you respond with clarity and compassion?",S_AR_IOG_007,pastoral_v2
Tertiary,Eschatology,Millennium Views,pastoral,"A longtime church member tells you privately that they are having serious doubts about millennial views (pre-, post-, and a-millennialism). They say it no longer seems important or even believable to them. How would you counsel them pastorally?",T_E_MV_007,pastoral_v2
Tertiary,Eschatology,Signs of the End Times,pastoral,"A new believer who has been a Christian for only six weeks asks you to explain the signs of the end times in simple terms. They say they have never heard this before. How would you respond, grounding your answer in Scripture?",T_E_SOT_006,pastoral_v2
Primary,Christology,Humanity of Christ,pastoral,A small group is studying the humanity of Christ. One member says it is too abstract to matter for daily discipleship. How should the group respond?,P_C_HOC_016,coherence_application_v2
Primary,Bibliology,Inspiration,pastoral,"A new believer who has been a Christian for only six weeks asks you to explain the inspiration of Scripture in simple terms. They say they have never heard this before. How would you respond, grounding your answer in Scripture?",P_B_I_010,pastoral_v2
Tertiary,Providence,Human Responsibility,pastoral,An atheist podcaster you are dialoguing with claims that human responsibility is one of the main reasons Christianity is harmful or incoherent. How do you engage their specific objection?,T_P_HR_007,pastoral_v2
Primary,Bibliology,Authority,objective,"How does the authority of Scripture fit within the broader system of Christian theology? Identify two other doctrines it most directly supports or is supported by, and explain the connections.",P_B_A_008,objective_v2
Primary,Bibliology,Inspiration,objective,What are the central distinctions or nuances that must be maintained when teaching the inspiration of Scripture in order to remain faithful to historic orthodoxy?,P_B_I_005,objective_v2
Secondary,Ecclesiology,Nature & Marks of the Church,pastoral,"Your church's elder board is divided over a practical decision that hinges on their understanding of the nature and marks of the true church. Some want a quick vote; others want a slower, more deliberate process. As a pastor, how do you lead through this?",S_E_NMO_007,pastoral_v2
Primary,Theology Proper,Attributes of God,pastoral,"A thoughtful skeptic who is exploring Christianity says: 'I can accept that Jesus was a good teacher, but I don't see why the attributes of God matters or why Christians fight about it.' How do you respond with clarity and compassion?",P_TP_AOG_013,pastoral_v2
Secondary,Eucharist,Nature of the Lord's Supper,pastoral,A longtime church member tells you privately that they are having serious doubts about the nature of the Lord's Supper. They say it no longer seems important or even believable to them. How would you counsel them pastorally?,S_E_NOT_007,pastoral_v2
Primary,Theology Proper,Existence of God,pastoral,A longtime church member tells you privately that they are having serious doubts about the existence of God. They say it no longer seems important or even believable to them. How would you counsel them pastorally?,P_TP_EOG_012,pastoral_v2
Secondary,Pneumatology (gifts),Continuation vs. Cessation,objective,What are the most important scriptural passages supporting the continuation or cessation of spiritual gifts? How should this doctrine shape the everyday life of a believer?,S_PG_CVC_001,objective_v2
Primary,Soteriology,Atonement,objective,"How should a clear understanding of the atonement inform the way a pastor or counselor answers questions about suffering, assurance, or daily obedience?",P_S_A_006,objective_v2
Primary,Prolegomena,Theological Method,pastoral,A parent in your congregation wants help explaining theological method to their 10-year-old and 14-year-old children in age-appropriate ways without watering down the truth. What guidance and resources would you give?,P_P_TM_009,pastoral_v2
Primary,Trinitarianism,Unity of Essence,pastoral,A small group is studying the unity of essence in the Trinity. One member says it is too abstract to matter for daily discipleship. How should the group respond?,P_T_UOE_015,coherence_application_v2
Primary,Soteriology,Atonement,objective,"Compare and contrast penal substitutionary atonement with 'Christus Victor' and moral influence theories. Which elements of each are compatible with historic evangelical orthodoxy, and which are not?",P_S_A_013,hand_curated_precision_v2
Primary,Bibliology,Inerrancy & Sufficiency,pastoral,An atheist podcaster you are dialoguing with claims that the inerrancy and sufficiency of Scripture is one of the main reasons Christianity is harmful or incoherent. How do you engage their specific objection?,P_B_IS_010,pastoral_v2
Tertiary,Eschatology,Timing of Christ's Return,pastoral,A Christian is using their strong view on the timing of Christ's return to judge and divide from other believers who hold different but biblically defensible positions. How would you counsel them?,T_E_TOC_010,adversarial_precision_v2
Tertiary,Covenantology,Covenant Framework,pastoral,"A new believer who has been a Christian for only six weeks asks you to explain the covenant framework of Scripture in simple terms. They say they have never heard this before. How would you respond, grounding your answer in Scripture?",T_C_CF_008,pastoral_v2
Primary,Soteriology,Regeneration & Union with Christ,pastoral,"A faithful Christian friend from a different tradition (e.g., a Presbyterian talking to a Baptist, or vice versa) asks you why your church practices regeneration and union with Christ differently from theirs. How do you explain your position while maintaining genuine respect and unity in the gospel?",P_S_RUW_011,pastoral_v2
Primary,Bibliology,Authority,pastoral,"A university student says, 'I believe the Bible is inspired in some sense, but I also think modern science and psychology sometimes correct it.' How do you respond regarding the authority of Scripture?",P_B_A_013,hand_curated_precision_v2
Primary,Hamartiology,Nature of Sin,objective,"How should a clear understanding of the nature of sin inform the way a pastor or counselor answers questions about suffering, assurance, or daily obedience?",P_H_NOS_003,objective_v2
Primary,Soteriology,Regeneration & Union with Christ,pastoral,A believer who struggles with assurance asks how regeneration and union with Christ relates to their personal standing before God and their daily walk with Christ. What would you tell them?,P_S_RUW_013,pastoral_v2
Secondary,Ecclesiology,Nature & Marks of the Church,pastoral,A new Christian has been reading popular books that treat the nature and marks of the true church as a 'secondary issue' but are using that claim to downplay the importance of core gospel truths. How do you help them think about the proper weight of this doctrine using theological triage?,S_E_NMO_008,pastoral_v2
Secondary,Ecclesiology,Church Government & Polity,pastoral,Two mature Christians in your church hold different but orthodox views on church government and polity. One is insisting the other is not a 'real' Christian because of it. How do you address this as a leader?,S_E_CGP_013,adversarial_precision_v2
Primary,Prolegomena,Theological Method,objective,Why is theological method considered essential (or non-essential) to the gospel itself? How does it relate to the person and work of Christ?,P_P_TM_008,objective_v2
Tertiary,Angelology,Spiritual Warfare,pastoral,A new Christian has been reading popular books that treat spiritual warfare as a 'secondary issue' but are using that claim to downplay the importance of core gospel truths. How do you help them think about the proper weight of this doctrine using theological triage?,T_A_SW_004,pastoral_v2
Tertiary,Covenantology,Old vs. New Covenant,objective,Describe the historic confessional understanding of the relationship between the old and new covenants as articulated in the major creeds and Reformation confessions. Include key supporting texts.,T_C_OVN_002,objective_v2
Secondary,Eucharist,Nature of the Lord's Supper,pastoral,"In what ways does the nature of the Lord's Supper connect to the life, death, and resurrection of Jesus Christ?",S_E_NOT_012,coherence_application_v2
Primary,Soteriology,Atonement,pastoral,"A survivor of abuse asks, 'If God the Father poured out his wrath on Jesus, doesn't that make God abusive?' How do you answer with both theological precision and pastoral sensitivity?",P_S_A_013,hand_curated_precision_v2
Secondary,Pneumatology (gifts),Baptism & Filling of the Spirit,objective,What is the core teaching of historic Christianity regarding baptism and filling with the Holy Spirit? Provide examples from Scripture and major confessional documents.,S_PG_BFO_005,objective_v2
Primary,Hamartiology,Origin of Sin,pastoral,"A couple in your church has just lost their 4-year-old child to cancer. In the weeks that follow, they ask you pointed questions about the origin of sin in light of their pain. How do you respond?",P_H_OOS_012,pastoral_v2
Secondary,Ecclesiology,Discipline & Unity,objective,What are the central distinctions or nuances that must be maintained when teaching church discipline and the unity of the church in order to remain faithful to historic orthodoxy?,S_E_DU_004,objective_v2
Primary,Theology Proper,Decrees of God,pastoral,A new Christian has been reading popular books that treat the decrees of God as a 'secondary issue' but are using that claim to downplay the importance of core gospel truths. How do you help them think about the proper weight of this doctrine using theological triage?,P_TP_DOG_012,pastoral_v2
Primary,Trinitarianism,Distinction of Persons,objective,Why is the distinction of persons in the Trinity considered essential (or non-essential) to the gospel itself? How does it relate to the person and work of Christ?,P_T_DOP_004,objective_v2
Secondary,Baptism,Subjects of Baptism,pastoral,"A faithful Christian friend from a different tradition (e.g., a Presbyterian talking to a Baptist, or vice versa) asks you why your church practices the proper subjects (recipients) of baptism differently from theirs. How do you explain your position while maintaining genuine respect and unity in the gospel?",S_B_SOB_007,pastoral_v2
Primary,Christology,Humanity of Christ,pastoral,A parent in your congregation wants help explaining the humanity of Christ to their 10-year-old and 14-year-old children in age-appropriate ways without watering down the truth. What guidance and resources would you give?,P_C_HOC_007,pastoral_v2
Tertiary,Providence,God's Sovereignty,pastoral,"A new believer who has been a Christian for only six weeks asks you to explain God's sovereignty in simple terms. They say they have never heard this before. How would you respond, grounding your answer in Scripture?",T_P_GS_004,pastoral_v2
Primary,Bibliology,Inerrancy & Sufficiency,pastoral,"A faithful Christian friend from a different tradition (e.g., a Presbyterian talking to a Baptist, or vice versa) asks you why your church practices the inerrancy and sufficiency of Scripture differently from theirs. How do you explain your position while maintaining genuine respect and unity in the gospel?",P_B_IS_012,pastoral_v2
Primary,Bibliology,Authority,pastoral,A longtime church member tells you privately that they are having serious doubts about the authority of Scripture. They say it no longer seems important or even believable to them. How would you counsel them pastorally?,P_B_A_012,pastoral_v2
Tertiary,Angelology,Spiritual Warfare,pastoral,"A couple in your church has just lost their 4-year-old child to cancer. In the weeks that follow, they ask you pointed questions about spiritual warfare in light of their pain. How do you respond?",T_A_SW_007,pastoral_v2
Secondary,Ecclesiology,Church Government & Polity,objective,In what ways can a misunderstanding of church government and polity lead to serious doctrinal error elsewhere? Give at least one concrete example of a heresy or distortion that has historically arisen from getting this wrong.,S_E_CGP_005,objective_v2
Secondary,Ecclesiology,Church Government & Polity,pastoral,"Your church's elder board is divided over a practical decision that hinges on their understanding of church government and polity. Some want a quick vote; others want a slower, more deliberate process. As a pastor, how do you lead through this?",S_E_CGP_011,pastoral_v2
Tertiary,Angelology,Nature & Hierarchy of Angels,pastoral,A Christian is using their strong view on the nature and hierarchy of angels to judge and divide from other believers who hold different but biblically defensible positions. How would you counsel them?,T_A_NHO_009,adversarial_precision_v2
Primary,Prolegomena,Theological Method,pastoral,One of the young adults in your small group is dating a non-Christian and is being told that their differing views on theological method don't really matter 'as long as we love each other.' How should you address this situation?,P_P_TM_013,pastoral_v2
Primary,Christology,Humanity of Christ,objective,What are the most important scriptural passages supporting the humanity of Christ? How should this doctrine shape the everyday life of a believer?,P_C_HOC_003,objective_v2
Tertiary,Israelology,Covenant Promises,pastoral,"Your church's elder board is divided over a practical decision that hinges on their understanding of the covenant promises to Israel. Some want a quick vote; others want a slower, more deliberate process. As a pastor, how do you lead through this?",T_I_CP_005,pastoral_v2
Primary,Hamartiology,Effects & Guilt of Sin,objective,"In a discussion, a participant says that historic formulations of the effects and guilt of sin are culturally conditioned and should be revised for modern sensibilities. What is at stake if we do that?",P_H_EGO_014,adversarial_precision_v2
Secondary,Anthropology (roles),Complementarianism vs. Egalitarianism,pastoral,"A faithful Christian friend from a different tradition (e.g., a Presbyterian talking to a Baptist, or vice versa) asks you why your church practices complementarian and egalitarian views on gender roles differently from theirs. How do you explain your position while maintaining genuine respect and unity in the gospel?",S_AR_CVE_007,pastoral_v2
Secondary,Eucharist,Frequency & Practice,pastoral,A longtime church member tells you privately that they are having serious doubts about the frequency and practice of the Lord's Supper. They say it no longer seems important or even believable to them. How would you counsel them pastorally?,S_E_FP_007,pastoral_v2
Primary,Hamartiology,Nature of Sin,pastoral,"In a Bible study, someone asks how the nature of sin should shape a Christian's response to current cultural debates around [identity / authority / suffering / sexuality / end times]. Give a biblically grounded, pastorally wise answer.",P_H_NOS_013,pastoral_v2
Primary,Bibliology,Inspiration,objective,Why is the inspiration of Scripture considered essential (or non-essential) to the gospel itself? How does it relate to the person and work of Christ?,P_B_I_003,objective_v2
Secondary,Ecclesiology,Discipline & Unity,pastoral,How would a misunderstanding of church discipline and the unity of the church affect a believer's assurance or approach to suffering?,S_E_DU_012,coherence_application_v2
Primary,Christology,Deity of Christ,pastoral,A believer who struggles with assurance asks how the deity of Christ relates to their personal standing before God and their daily walk with Christ. What would you tell them?,P_C_DOC_014,pastoral_v2
Secondary,Baptism,Mode of Baptism,pastoral,An atheist podcaster you are dialoguing with claims that the proper mode of baptism is one of the main reasons Christianity is harmful or incoherent. How do you engage their specific objection?,S_B_MOB_009,pastoral_v2
Secondary,Eucharist,Frequency & Practice,pastoral,"A couple in your church has just lost their 4-year-old child to cancer. In the weeks that follow, they ask you pointed questions about the frequency and practice of the Lord's Supper in light of their pain. How do you respond?",S_E_FP_012,pastoral_v2
Primary,Soteriology,Justification by Faith,objective,"How does justification by faith alone fit within the broader system of Christian theology? Identify two other doctrines it most directly supports or is supported by, and explain the connections.",P_S_JBF_005,objective_v2
Primary,Bibliology,Authority,objective,"How should a clear understanding of the authority of Scripture inform the way a pastor or counselor answers questions about suffering, assurance, or daily obedience?",P_B_A_005,objective_v2
Primary,Prolegomena,Nature of Theology,objective,What are the most common contemporary misconceptions or distortions of the nature of theology? How would you correct each one from Scripture and historic Christian teaching?,P_P_NOT_004,objective_v2
Primary,Soteriology,Regeneration & Union with Christ,pastoral,"In what ways does regeneration and union with Christ connect to the life, death, and resurrection of Jesus Christ?",P_S_RUW_016,coherence_application_v2
Tertiary,Creation,Days of Creation,objective,What are the most common contemporary misconceptions or distortions of the days of creation (length and nature)? How would you correct each one from Scripture and historic Christian teaching?,T_C_DOC_002,objective_v2
Primary,Christology,Deity of Christ,objective,Why is the deity of Christ considered essential (or non-essential) to the gospel itself? How does it relate to the person and work of Christ?,P_C_DOC_004,objective_v2
Primary,Soteriology,Justification by Faith,pastoral,"In a Bible study, someone asks how justification by faith alone should shape a Christian's response to current cultural debates around [identity / authority / suffering / sexuality / end times]. Give a biblically grounded, pastorally wise answer.",P_S_JBF_009,pastoral_v2
Primary,Bibliology,Inspiration,pastoral,"In a Bible study, someone asks how the inspiration of Scripture should shape a Christian's response to current cultural debates around [identity / authority / suffering / sexuality / end times]. Give a biblically grounded, pastorally wise answer.",P_B_I_008,pastoral_v2
Tertiary,Creation,Days of Creation,objective,In what ways can a misunderstanding of the days of creation (length and nature) lead to serious doctrinal error elsewhere? Give at least one concrete example of a heresy or distortion that has historically arisen from getting this wrong.,T_C_DOC_001,objective_v2
Primary,Soteriology,Atonement,pastoral,"A couple in your church has just lost their 4-year-old child to cancer. In the weeks that follow, they ask you pointed questions about the atonement in light of their pain. How do you respond?",P_S_A_012,pastoral_v2
Primary,Soteriology,Justification by Faith,pastoral,A longtime church member tells you privately that they are having serious doubts about justification by faith alone. They say it no longer seems important or even believable to them. How would you counsel them pastorally?,P_S_JBF_013,pastoral_v2
Tertiary,Covenantology,Covenant vs. Dispensationalism,pastoral,"A thoughtful skeptic who is exploring Christianity says: 'I can accept that Jesus was a good teacher, but I don't see why covenant theology versus dispensationalism matters or why Christians fight about it.' How do you respond with clarity and compassion?",T_C_CVD_008,pastoral_v2
Tertiary,Ethics,Sanctification in Daily Life,pastoral,A longtime church member tells you privately that they are having serious doubts about sanctification in everyday Christian life. They say it no longer seems important or even believable to them. How would you counsel them pastorally?,T_E_SID_004,pastoral_v2
Primary,Christology,Hypostatic Union,objective,What is the core teaching of historic Christianity regarding the hypostatic union of Christ? Provide examples from Scripture and major confessional documents.,P_C_HU_004,objective_v2
Primary,Bibliology,Inerrancy & Sufficiency,objective,"How does the inerrancy and sufficiency of Scripture fit within the broader system of Christian theology? Identify two other doctrines it most directly supports or is supported by, and explain the connections.",P_B_IS_008,objective_v2
Tertiary,Ethics,Moral Law Application,pastoral,A Christian is using their strong view on the application of the moral law today to judge and divide from other believers who hold different but biblically defensible positions. How would you counsel them?,T_E_MLA_009,adversarial_precision_v2
Secondary,Pneumatology (gifts),Spiritual Gifts,pastoral,A longtime church member tells you privately that they are having serious doubts about spiritual gifts. They say it no longer seems important or even believable to them. How would you counsel them pastorally?,S_PG_SG_006,pastoral_v2
Primary,Bibliology,Authority,objective,What are the most common contemporary misconceptions or distortions of the authority of Scripture? How would you correct each one from Scripture and historic Christian teaching?,P_B_A_003,objective_v2
Primary,Christology,Humanity of Christ,objective,Explain the primary biblical basis for the humanity of Christ and its key implications for Christian belief and practice.,P_C_HOC_004,objective_v2
Primary,Theology Proper,Decrees of God,objective,Describe the historic confessional understanding of the decrees of God as articulated in the major creeds and Reformation confessions. Include key supporting texts.,P_TP_DOG_006,objective_v2
Primary,Prolegomena,Revelation (General & Special),objective,What is the core teaching of historic Christianity regarding general and special revelation? Provide examples from Scripture and major confessional documents.,P_P_RGS_005,objective_v2
Primary,Bibliology,Authority,pastoral,"In a Bible study, someone asks how the authority of Scripture should shape a Christian's response to current cultural debates around [identity / authority / suffering / sexuality / end times]. Give a biblically grounded, pastorally wise answer.",P_B_A_011,pastoral_v2
Primary,Christology,Deity of Christ,objective,In what ways can a misunderstanding of the deity of Christ lead to serious doctrinal error elsewhere? Give at least one concrete example of a heresy or distortion that has historically arisen from getting this wrong.,P_C_DOC_005,objective_v2
Primary,Soteriology,Regeneration & Union with Christ,pastoral,"A couple in your church has just lost their 4-year-old child to cancer. In the weeks that follow, they ask you pointed questions about regeneration and union with Christ in light of their pain. How do you respond?",P_S_RUW_009,pastoral_v2
Primary,Trinitarianism,Distinction of Persons,objective,What is the core teaching of historic Christianity regarding the distinction of persons in the Trinity? Provide examples from Scripture and major confessional documents.,P_T_DOP_003,objective_v2
Primary,Theology Proper,Decrees of God,objective,What are the most common contemporary misconceptions or distortions of the decrees of God? How would you correct each one from Scripture and historic Christian teaching?,P_TP_DOG_005,objective_v2
Tertiary,Covenantology,Old vs. New Covenant,objective,"How should a clear understanding of the relationship between the old and new covenants inform the way a pastor or counselor answers questions about suffering, assurance, or daily obedience?",T_C_OVN_001,objective_v2
Primary,Hamartiology,Origin of Sin,objective,Why is the origin of sin considered essential (or non-essential) to the gospel itself? How does it relate to the person and work of Christ?,P_H_OOS_003,objective_v2
Secondary,Ecclesiology,Nature & Marks of the Church,objective,What are the central distinctions or nuances that must be maintained when teaching the nature and marks of the true church in order to remain faithful to historic orthodoxy?,S_E_NMO_004,objective_v2
Primary,Hamartiology,Nature of Sin,objective,"How does the nature of sin fit within the broader system of Christian theology? Identify two other doctrines it most directly supports or is supported by, and explain the connections.",P_H_NOS_006,objective_v2
Secondary,Eucharist,Presence of Christ,pastoral,Two mature Christians in your church hold different but orthodox views on the presence of Christ in the Lord's Supper. One is insisting the other is not a 'real' Christian because of it. How do you address this as a leader?,S_E_POC_013,adversarial_precision_v2
Primary,Theology Proper,Decrees of God,pastoral,"In a Bible study, someone asks how the decrees of God should shape a Christian's response to current cultural debates around [identity / authority / suffering / sexuality / end times]. Give a biblically grounded, pastorally wise answer.",P_TP_DOG_011,pastoral_v2
Primary,Christology,Humanity of Christ,pastoral,How would a misunderstanding of the humanity of Christ affect a believer's assurance or approach to suffering?,P_C_HOC_015,coherence_application_v2
Primary,Prolegomena,Nature of Theology,objective,What are the most important scriptural passages supporting the nature of theology? How should this doctrine shape the everyday life of a believer?,P_P_NOT_002,objective_v2
Primary,Soteriology,Regeneration & Union with Christ,objective,What are the most common contemporary misconceptions or distortions of regeneration and union with Christ? How would you correct each one from Scripture and historic Christian teaching?,P_S_RUW_006,objective_v2
Secondary,Baptism,Subjects of Baptism,pastoral,A new Christian has been reading popular books that treat the proper subjects (recipients) of baptism as a 'secondary issue' but are using that claim to downplay the importance of core gospel truths. How do you help them think about the proper weight of this doctrine using theological triage?,S_B_SOB_010,pastoral_v2
Tertiary,Eschatology,Timing of Christ's Return,pastoral,"A thoughtful skeptic who is exploring Christianity says: 'I can accept that Jesus was a good teacher, but I don't see why the timing of Christ's return matters or why Christians fight about it.' How do you respond with clarity and compassion?",T_E_TOC_007,pastoral_v2
Primary,Soteriology,Atonement,objective,Describe the historic confessional understanding of the atonement as articulated in the major creeds and Reformation confessions. Include key supporting texts.,P_S_A_002,objective_v2
Primary,Trinitarianism,Unity of Essence,objective,Explain the primary biblical basis for the unity of essence in the Trinity and its key implications for Christian belief and practice.,P_T_UOE_007,objective_v2
Secondary,Pneumatology (gifts),Continuation vs. Cessation,objective,"How should a clear understanding of the continuation or cessation of spiritual gifts inform the way a pastor or counselor answers questions about suffering, assurance, or daily obedience?",S_PG_CVC_003,objective_v2
Primary,Theology Proper,Decrees of God,objective,What are the central distinctions or nuances that must be maintained when teaching the decrees of God in order to remain faithful to historic orthodoxy?,P_TP_DOG_001,objective_v2
Primary,Soteriology,Justification by Faith,objective,"In a discussion, a participant says that historic formulations of justification by faith alone are culturally conditioned and should be revised for modern sensibilities. What is at stake if we do that?",P_S_JBF_015,adversarial_precision_v2
Tertiary,Ethics,Moral Law Application,pastoral,A new Christian has been reading popular books that treat the application of the moral law today as a 'secondary issue' but are using that claim to downplay the importance of core gospel truths. How do you help them think about the proper weight of this doctrine using theological triage?,T_E_MLA_004,pastoral_v2
Primary,Prolegomena,Revelation (General & Special),objective,Someone argues that a right understanding of general and special revelation is unnecessary for salvation and that 'loving Jesus' is enough. How do you charitably but firmly correct this while still affirming the gospel?,P_P_RGS_015,adversarial_precision_v2
Primary,Theology Proper,Existence of God,objective,Why is the existence of God considered essential (or non-essential) to the gospel itself? How does it relate to the person and work of Christ?,P_TP_EOG_002,objective_v2
Secondary,Eucharist,Frequency & Practice,pastoral,"A thoughtful skeptic who is exploring Christianity says: 'I can accept that Jesus was a good teacher, but I don't see why the frequency and practice of the Lord's Supper matters or why Christians fight about it.' How do you respond with clarity and compassion?",S_E_FP_013,pastoral_v2
Primary,Bibliology,Inspiration,pastoral,An atheist podcaster you are dialoguing with claims that the inspiration of Scripture is one of the main reasons Christianity is harmful or incoherent. How do you engage their specific objection?,P_B_I_009,pastoral_v2
Primary,Soteriology,Regeneration & Union with Christ,pastoral,"In a Bible study, someone asks how regeneration and union with Christ should shape a Christian's response to current cultural debates around [identity / authority / suffering / sexuality / end times]. Give a biblically grounded, pastorally wise answer.",P_S_RUW_010,pastoral_v2
Primary,Christology,Humanity of Christ,objective,Describe the historic confessional understanding of the humanity of Christ as articulated in the major creeds and Reformation confessions. Include key supporting texts.,P_C_HOC_001,objective_v2
Secondary,Pneumatology (gifts),Continuation vs. Cessation,pastoral,One of the young adults in your small group is dating a non-Christian and is being told that their differing views on the continuation or cessation of spiritual gifts don't really matter 'as long as we love each other.' How should you address this situation?,S_PG_CVC_011,pastoral_v2
Tertiary,Eschatology,Timing of Christ's Return,pastoral,A parent in your congregation wants help explaining the timing of Christ's return to their 10-year-old and 14-year-old children in age-appropriate ways without watering down the truth. What guidance and resources would you give?,T_E_TOC_008,pastoral_v2
Primary,Prolegomena,Theological Method,objective,What are the central distinctions or nuances that must be maintained when teaching theological method in order to remain faithful to historic orthodoxy?,P_P_TM_003,objective_v2
Tertiary,Angelology,Demonic Activity,pastoral,"A couple in your church has just lost their 4-year-old child to cancer. In the weeks that follow, they ask you pointed questions about demonic activity and the powers of darkness in light of their pain. How do you respond?",T_A_DA_006,pastoral_v2
Secondary,Eucharist,Presence of Christ,objective,What are the central distinctions or nuances that must be maintained when teaching the presence of Christ in the Lord's Supper in order to remain faithful to historic orthodoxy?,S_E_POC_003,objective_v2
Secondary,Pneumatology (gifts),Baptism & Filling of the Spirit,pastoral,"A thoughtful skeptic who is exploring Christianity says: 'I can accept that Jesus was a good teacher, but I don't see why baptism and filling with the Holy Spirit matters or why Christians fight about it.' How do you respond with clarity and compassion?",S_PG_BFO_013,pastoral_v2
Secondary,Eucharist,Presence of Christ,pastoral,A longtime church member tells you privately that they are having serious doubts about the presence of Christ in the Lord's Supper. They say it no longer seems important or even believable to them. How would you counsel them pastorally?,S_E_POC_009,pastoral_v2
Tertiary,Eschatology,Millennium Views,pastoral,"A new Christian has been reading popular books that treat millennial views (pre-, post-, and a-millennialism) as a 'secondary issue' but are using that claim to downplay the importance of core gospel truths. How do you help them think about the proper weight of this doctrine using theological triage?",T_E_MV_005,pastoral_v2
Primary,Theology Proper,Existence of God,objective,"How should a clear understanding of the existence of God inform the way a pastor or counselor answers questions about suffering, assurance, or daily obedience?",P_TP_EOG_003,objective_v2
Primary,Bibliology,Inerrancy & Sufficiency,pastoral,"A thoughtful skeptic who is exploring Christianity says: 'I can accept that Jesus was a good teacher, but I don't see why the inerrancy and sufficiency of Scripture matters or why Christians fight about it.' How do you respond with clarity and compassion?",P_B_IS_009,pastoral_v2
Primary,Bibliology,Inspiration,objective,Someone argues that a right understanding of the inspiration of Scripture is unnecessary for salvation and that 'loving Jesus' is enough. How do you charitably but firmly correct this while still affirming the gospel?,P_B_I_014,adversarial_precision_v2
Secondary,Pneumatology (gifts),Spiritual Gifts,pastoral,Two mature Christians in your church hold different but orthodox views on spiritual gifts. One is insisting the other is not a 'real' Christian because of it. How do you address this as a leader?,S_PG_SG_014,adversarial_precision_v2
Tertiary,Angelology,Nature & Hierarchy of Angels,objective,What is the core teaching of historic Christianity regarding the nature and hierarchy of angels? Provide examples from Scripture and major confessional documents.,T_A_NHO_001,objective_v2
Tertiary,Creation,Ex Nihilo Creation,pastoral,A longtime church member tells you privately that they are having serious doubts about creation ex nihilo. They say it no longer seems important or even believable to them. How would you counsel them pastorally?,T_C_ENC_006,pastoral_v2
Tertiary,Israelology,Covenant Promises,pastoral,An atheist podcaster you are dialoguing with claims that the covenant promises to Israel is one of the main reasons Christianity is harmful or incoherent. How do you engage their specific objection?,T_I_CP_008,pastoral_v2
Tertiary,Providence,Theodicy & Suffering,objective,"What are the most important scriptural passages supporting the problem of evil, theodicy, and suffering? How should this doctrine shape the everyday life of a believer?",T_P_TS_001,objective_v2
Secondary,Anthropology (roles),Gender & Sexuality,pastoral,"A faithful Christian friend from a different tradition (e.g., a Presbyterian talking to a Baptist, or vice versa) asks you why your church practices gender and human sexuality differently from theirs. How do you explain your position while maintaining genuine respect and unity in the gospel?",S_AR_GS_008,pastoral_v2
Secondary,Ecclesiology,Discipline & Unity,pastoral,One of the young adults in your small group is dating a non-Christian and is being told that their differing views on church discipline and the unity of the church don't really matter 'as long as we love each other.' How should you address this situation?,S_E_DU_009,pastoral_v2
Tertiary,Covenantology,Covenant vs. Dispensationalism,pastoral,A Christian is using their strong view on covenant theology versus dispensationalism to judge and divide from other believers who hold different but biblically defensible positions. How would you counsel them?,T_C_CVD_009,adversarial_precision_v2
Primary,Prolegomena,Theological Method,objective,"How should a clear understanding of theological method inform the way a pastor or counselor answers questions about suffering, assurance, or daily obedience?",P_P_TM_004,objective_v2
Tertiary,Eschatology,Millennium Views,objective,"Explain the primary biblical basis for millennial views (pre-, post-, and a-millennialism) and its key implications for Christian belief and practice.",T_E_MV_003,objective_v2
Secondary,Baptism,Meaning & Significance,pastoral,"Your church's elder board is divided over a practical decision that hinges on their understanding of the meaning and significance of baptism. Some want a quick vote; others want a slower, more deliberate process. As a pastor, how do you lead through this?",S_B_MS_006,pastoral_v2
Primary,Soteriology,Atonement,objective,What is the core teaching of historic Christianity regarding the atonement? Provide examples from Scripture and major confessional documents.,P_S_A_007,objective_v2
Secondary,Pneumatology (gifts),Continuation vs. Cessation,pastoral,How would a misunderstanding of the continuation or cessation of spiritual gifts affect a believer's assurance or approach to suffering?,S_PG_CVC_013,coherence_application_v2
Primary,Bibliology,Inerrancy & Sufficiency,objective,What are the central distinctions or nuances that must be maintained when teaching the inerrancy and sufficiency of Scripture in order to remain faithful to historic orthodoxy?,P_B_IS_002,objective_v2
Primary,Bibliology,Inspiration,pastoral,A longtime church member tells you privately that they are having serious doubts about the inspiration of Scripture. They say it no longer seems important or even believable to them. How would you counsel them pastorally?,P_B_I_012,pastoral_v2
Primary,Christology,Deity of Christ,pastoral,"A faithful Christian friend from a different tradition (e.g., a Presbyterian talking to a Baptist, or vice versa) asks you why your church practices the deity of Christ differently from theirs. How do you explain your position while maintaining genuine respect and unity in the gospel?",P_C_DOC_013,pastoral_v2
Secondary,Eucharist,Nature of the Lord's Supper,pastoral,An atheist podcaster you are dialoguing with claims that the nature of the Lord's Supper is one of the main reasons Christianity is harmful or incoherent. How do you engage their specific objection?,S_E_NOT_006,pastoral_v2
Primary,Prolegomena,Theological Method,objective,"How does theological method fit within the broader system of Christian theology? Identify two other doctrines it most directly supports or is supported by, and explain the connections.",P_P_TM_006,objective_v2
Primary,Christology,Hypostatic Union,pastoral,"In a Bible study, someone asks how the hypostatic union of Christ should shape a Christian's response to current cultural debates around [identity / authority / suffering / sexuality / end times]. Give a biblically grounded, pastorally wise answer.",P_C_HU_012,pastoral_v2
Primary,Christology,Humanity of Christ,objective,A popular online teacher claims that the humanity of Christ is a later church invention and not clearly taught in the Bible. A young believer in your group is confused. How do you respond?,P_C_HOC_013,adversarial_precision_v2
Secondary,Eucharist,Nature of the Lord's Supper,pastoral,A new Christian has been reading popular books that treat the nature of the Lord's Supper as a 'secondary issue' but are using that claim to downplay the importance of core gospel truths. How do you help them think about the proper weight of this doctrine using theological triage?,S_E_NOT_009,pastoral_v2
Tertiary,Covenantology,Covenant vs. Dispensationalism,objective,"How does covenant theology versus dispensationalism fit within the broader system of Christian theology? Identify two other doctrines it most directly supports or is supported by, and explain the connections.",T_C_CVD_003,objective_v2
Primary,Trinitarianism,Eternal Relations,objective,What are the most common contemporary misconceptions or distortions of the eternal relations within the Trinity? How would you correct each one from Scripture and historic Christian teaching?,P_T_ER_004,objective_v2
Secondary,Pneumatology (gifts),Continuation vs. Cessation,pastoral,"In a Bible study, someone asks how the continuation or cessation of spiritual gifts should shape a Christian's response to current cultural debates around [identity / authority / suffering / sexuality / end times]. Give a biblically grounded, pastorally wise answer.",S_PG_CVC_010,pastoral_v2
Primary,Hamartiology,Origin of Sin,objective,Explain the primary biblical basis for the origin of sin and its key implications for Christian belief and practice.,P_H_OOS_007,objective_v2
Tertiary,Providence,God's Sovereignty,pastoral,"A thoughtful skeptic who is exploring Christianity says: 'I can accept that Jesus was a good teacher, but I don't see why God's sovereignty matters or why Christians fight about it.' How do you respond with clarity and compassion?",T_P_GS_007,pastoral_v2
Secondary,Ecclesiology,Discipline & Unity,pastoral,A believer who struggles with assurance asks how church discipline and the unity of the church relates to their personal standing before God and their daily walk with Christ. What would you tell them?,S_E_DU_005,pastoral_v2
Secondary,Baptism,Subjects of Baptism,pastoral,"Your church's elder board is divided over a practical decision that hinges on their understanding of the proper subjects (recipients) of baptism. Some want a quick vote; others want a slower, more deliberate process. As a pastor, how do you lead through this?",S_B_SOB_005,pastoral_v2
Tertiary,Eschatology,Signs of the End Times,objective,"How does the signs of the end times fit within the broader system of Christian theology? Identify two other doctrines it most directly supports or is supported by, and explain the connections.",T_E_SOT_002,objective_v2
Tertiary,Israelology,Covenant Promises,pastoral,A parent in your congregation wants help explaining the covenant promises to Israel to their 10-year-old and 14-year-old children in age-appropriate ways without watering down the truth. What guidance and resources would you give?,T_I_CP_007,pastoral_v2
Primary,Christology,Humanity of Christ,pastoral,A believer who struggles with assurance asks how the humanity of Christ relates to their personal standing before God and their daily walk with Christ. What would you tell them?,P_C_HOC_009,pastoral_v2
Secondary,Eucharist,Frequency & Practice,objective,Explain the primary biblical basis for the frequency and practice of the Lord's Supper and its key implications for Christian belief and practice.,S_E_FP_004,objective_v2
Secondary,Baptism,Meaning & Significance,pastoral,"A thoughtful skeptic who is exploring Christianity says: 'I can accept that Jesus was a good teacher, but I don't see why the meaning and significance of baptism matters or why Christians fight about it.' How do you respond with clarity and compassion?",S_B_MS_010,pastoral_v2
Primary,Trinitarianism,Eternal Relations,objective,What are the central distinctions or nuances that must be maintained when teaching the eternal relations within the Trinity in order to remain faithful to historic orthodoxy?,P_T_ER_002,objective_v2
Primary,Soteriology,Atonement,objective,In what ways can a misunderstanding of the atonement lead to serious doctrinal error elsewhere? Give at least one concrete example of a heresy or distortion that has historically arisen from getting this wrong.,P_S_A_003,objective_v2
Secondary,Anthropology (roles),Gender & Sexuality,pastoral,"Your church's elder board is divided over a practical decision that hinges on their understanding of gender and human sexuality. Some want a quick vote; others want a slower, more deliberate process. As a pastor, how do you lead through this?",S_AR_GS_006,pastoral_v2
Tertiary,Eschatology,Millennium Views,pastoral,"A new believer who has been a Christian for only six weeks asks you to explain millennial views (pre-, post-, and a-millennialism) in simple terms. They say they have never heard this before. How would you respond, grounding your answer in Scripture?",T_E_MV_008,pastoral_v2
Primary,Hamartiology,Nature of Sin,objective,In what ways can a misunderstanding of the nature of sin lead to serious doctrinal error elsewhere? Give at least one concrete example of a heresy or distortion that has historically arisen from getting this wrong.,P_H_NOS_001,objective_v2
Primary,Theology Proper,Decrees of God,objective,A popular online teacher claims that the decrees of God is a later church invention and not clearly taught in the Bible. A young believer in your group is confused. How do you respond?,P_TP_DOG_014,adversarial_precision_v2
Primary,Christology,Humanity of Christ,objective,What are the central distinctions or nuances that must be maintained when teaching the humanity of Christ in order to remain faithful to historic orthodoxy?,P_C_HOC_006,objective_v2
Tertiary,Covenantology,Covenant vs. Dispensationalism,pastoral,"A new believer who has been a Christian for only six weeks asks you to explain covenant theology versus dispensationalism in simple terms. They say they have never heard this before. How would you respond, grounding your answer in Scripture?",T_C_CVD_005,pastoral_v2
Tertiary,Israelology,Role of Israel,pastoral,A parent in your congregation wants help explaining the role of Israel in God's purposes to their 10-year-old and 14-year-old children in age-appropriate ways without watering down the truth. What guidance and resources would you give?,T_I_ROI_005,pastoral_v2
Primary,Trinitarianism,Distinction of Persons,objective,Describe the historic confessional understanding of the distinction of persons in the Trinity as articulated in the major creeds and Reformation confessions. Include key supporting texts.,P_T_DOP_007,objective_v2
Secondary,Baptism,Subjects of Baptism,pastoral,One of the young adults in your small group is dating a non-Christian and is being told that their differing views on the proper subjects (recipients) of baptism don't really matter 'as long as we love each other.' How should you address this situation?,S_B_SOB_006,pastoral_v2
Tertiary,Israelology,Role of Israel,objective,Explain the primary biblical basis for the role of Israel in God's purposes and its key implications for Christian belief and practice.,T_I_ROI_001,objective_v2
Tertiary,Ethics,Cultural Engagement,objective,What are the most important scriptural passages supporting Christian cultural engagement? How should this doctrine shape the everyday life of a believer?,T_E_CE_003,objective_v2
Tertiary,Ethics,Cultural Engagement,objective,In what ways can a misunderstanding of Christian cultural engagement lead to serious doctrinal error elsewhere? Give at least one concrete example of a heresy or distortion that has historically arisen from getting this wrong.,T_E_CE_002,objective_v2
Secondary,Ecclesiology,Discipline & Unity,pastoral,"In a Bible study, someone asks how church discipline and the unity of the church should shape a Christian's response to current cultural debates around [identity / authority / suffering / sexuality / end times]. Give a biblically grounded, pastorally wise answer.",S_E_DU_007,pastoral_v2
Primary,Soteriology,Regeneration & Union with Christ,pastoral,"A thoughtful skeptic who is exploring Christianity says: 'I can accept that Jesus was a good teacher, but I don't see why regeneration and union with Christ matters or why Christians fight about it.' How do you respond with clarity and compassion?",P_S_RUW_012,pastoral_v2
Tertiary,Ethics,Sanctification in Daily Life,pastoral,A Christian is using their strong view on sanctification in everyday Christian life to judge and divide from other believers who hold different but biblically defensible positions. How would you counsel them?,T_E_SID_009,adversarial_precision_v2
Primary,Theology Proper,Existence of God,objective,Someone argues that a right understanding of the existence of God is unnecessary for salvation and that 'loving Jesus' is enough. How do you charitably but firmly correct this while still affirming the gospel?,P_TP_EOG_015,adversarial_precision_v2
Primary,Theology Proper,Attributes of God,pastoral,How would a misunderstanding of the attributes of God affect a believer's assurance or approach to suffering?,P_TP_AOG_016,coherence_application_v2
Tertiary,Israelology,Future of Ethnic Israel,objective,What is the core teaching of historic Christianity regarding the future of ethnic Israel? Provide examples from Scripture and major confessional documents.,T_I_FOE_001,objective_v2
Primary,Christology,Hypostatic Union,pastoral,A parent in your congregation wants help explaining the hypostatic union of Christ to their 10-year-old and 14-year-old children in age-appropriate ways without watering down the truth. What guidance and resources would you give?,P_C_HU_013,pastoral_v2
Tertiary,Israelology,Covenant Promises,pastoral,A Christian is using their strong view on the covenant promises to Israel to judge and divide from other believers who hold different but biblically defensible positions. How would you counsel them?,T_I_CP_010,adversarial_precision_v2
Primary,Soteriology,Atonement,pastoral,A new Christian has been reading popular books that treat the atonement as a 'secondary issue' but are using that claim to downplay the importance of core gospel truths. How do you help them think about the proper weight of this doctrine using theological triage?,P_S_A_014,pastoral_v2
Primary,Bibliology,Inerrancy & Sufficiency,objective,In what ways can a misunderstanding of the inerrancy and sufficiency of Scripture lead to serious doctrinal error elsewhere? Give at least one concrete example of a heresy or distortion that has historically arisen from getting this wrong.,P_B_IS_007,objective_v2
Primary,Prolegomena,Nature of Theology,objective,A popular online teacher claims that the nature of theology is a later church invention and not clearly taught in the Bible. A young believer in your group is confused. How do you respond?,P_P_NOT_016,adversarial_precision_v2
Primary,Bibliology,Inerrancy & Sufficiency,objective,"How should a clear understanding of the inerrancy and sufficiency of Scripture inform the way a pastor or counselor answers questions about suffering, assurance, or daily obedience?",P_B_IS_005,objective_v2
Tertiary,Angelology,Nature & Hierarchy of Angels,pastoral,"A new believer who has been a Christian for only six weeks asks you to explain the nature and hierarchy of angels in simple terms. They say they have never heard this before. How would you respond, grounding your answer in Scripture?",T_A_NHO_005,pastoral_v2
Secondary,Baptism,Subjects of Baptism,objective,Explain the primary biblical basis for the proper subjects (recipients) of baptism and its key implications for Christian belief and practice.,S_B_SOB_002,objective_v2
Secondary,Eucharist,Presence of Christ,objective,"How does the presence of Christ in the Lord's Supper fit within the broader system of Christian theology? Identify two other doctrines it most directly supports or is supported by, and explain the connections.",S_E_POC_004,objective_v2
Tertiary,Covenantology,Old vs. New Covenant,pastoral,"A thoughtful skeptic who is exploring Christianity says: 'I can accept that Jesus was a good teacher, but I don't see why the relationship between the old and new covenants matters or why Christians fight about it.' How do you respond with clarity and compassion?",T_C_OVN_005,pastoral_v2
Tertiary,Angelology,Nature & Hierarchy of Angels,pastoral,"In a Bible study, someone asks how the nature and hierarchy of angels should shape a Christian's response to current cultural debates around [identity / authority / suffering / sexuality / end times]. Give a biblically grounded, pastorally wise answer.",T_A_NHO_004,pastoral_v2
Tertiary,Eschatology,Timing of Christ's Return,pastoral,"A new believer who has been a Christian for only six weeks asks you to explain the timing of Christ's return in simple terms. They say they have never heard this before. How would you respond, grounding your answer in Scripture?",T_E_TOC_004,pastoral_v2
Secondary,Pneumatology (gifts),Continuation vs. Cessation,pastoral,A parent in your congregation wants help explaining the continuation or cessation of spiritual gifts to their 10-year-old and 14-year-old children in age-appropriate ways without watering down the truth. What guidance and resources would you give?,S_PG_CVC_006,pastoral_v2
Tertiary,Creation,Days of Creation,pastoral,"In a Bible study, someone asks how the days of creation (length and nature) should shape a Christian's response to current cultural debates around [identity / authority / suffering / sexuality / end times]. Give a biblically grounded, pastorally wise answer.",T_C_DOC_007,pastoral_v2
Primary,Prolegomena,Nature of Theology,objective,What are the central distinctions or nuances that must be maintained when teaching the nature of theology in order to remain faithful to historic orthodoxy?,P_P_NOT_007,objective_v2
Primary,Theology Proper,Decrees of God,pastoral,A parent in your congregation wants help explaining the decrees of God to their 10-year-old and 14-year-old children in age-appropriate ways without watering down the truth. What guidance and resources would you give?,P_TP_DOG_009,pastoral_v2
Primary,Prolegomena,Theological Method,objective,Someone argues that a right understanding of theological method is unnecessary for salvation and that 'loving Jesus' is enough. How do you charitably but firmly correct this while still affirming the gospel?,P_P_TM_016,adversarial_precision_v2
Primary,Prolegomena,Revelation (General & Special),objective,What are the most common contemporary misconceptions or distortions of general and special revelation? How would you correct each one from Scripture and historic Christian teaching?,P_P_RGS_001,objective_v2
Primary,Prolegomena,Revelation (General & Special),pastoral,"A faithful Christian friend from a different tradition (e.g., a Presbyterian talking to a Baptist, or vice versa) asks you why your church practices general and special revelation differently from theirs. How do you explain your position while maintaining genuine respect and unity in the gospel?",P_P_RGS_013,pastoral_v2
Primary,Bibliology,Authority,objective,A popular online teacher claims that the authority of Scripture is a later church invention and not clearly taught in the Bible. A young believer in your group is confused. How do you respond?,P_B_A_015,adversarial_precision_v2
Primary,Trinitarianism,Distinction of Persons,objective,In what ways can a misunderstanding of the distinction of persons in the Trinity lead to serious doctrinal error elsewhere? Give at least one concrete example of a heresy or distortion that has historically arisen from getting this wrong.,P_T_DOP_002,objective_v2
Secondary,Baptism,Meaning & Significance,pastoral,"A new believer who has been a Christian for only six weeks asks you to explain the meaning and significance of baptism in simple terms. They say they have never heard this before. How would you respond, grounding your answer in Scripture?",S_B_MS_008,pastoral_v2
Tertiary,Israelology,Role of Israel,pastoral,A Christian is using their strong view on the role of Israel in God's purposes to judge and divide from other believers who hold different but biblically defensible positions. How would you counsel them?,T_I_ROI_010,adversarial_precision_v2
Tertiary,Ethics,Cultural Engagement,pastoral,A Christian is using their strong view on Christian cultural engagement to judge and divide from other believers who hold different but biblically defensible positions. How would you counsel them?,T_E_CE_009,adversarial_precision_v2
Primary,Trinitarianism,Eternal Relations,objective,"How should a clear understanding of the eternal relations within the Trinity inform the way a pastor or counselor answers questions about suffering, assurance, or daily obedience?",P_T_ER_001,objective_v2
Tertiary,Covenantology,Covenant Framework,pastoral,A Christian is using their strong view on the covenant framework of Scripture to judge and divide from other believers who hold different but biblically defensible positions. How would you counsel them?,T_C_CF_009,adversarial_precision_v2
Tertiary,Israelology,Future of Ethnic Israel,objective,"How does the future of ethnic Israel fit within the broader system of Christian theology? Identify two other doctrines it most directly supports or is supported by, and explain the connections.",T_I_FOE_003,objective_v2
Primary,Trinitarianism,Eternal Relations,objective,What are the most important scriptural passages supporting the eternal relations within the Trinity? How should this doctrine shape the everyday life of a believer?,P_T_ER_003,objective_v2
Secondary,Anthropology (roles),Image of God,objective,What are the central distinctions or nuances that must be maintained when teaching the image of God in humanity in order to remain faithful to historic orthodoxy?,S_AR_IOG_004,objective_v2
Tertiary,Covenantology,Covenant Framework,objective,"How should a clear understanding of the covenant framework of Scripture inform the way a pastor or counselor answers questions about suffering, assurance, or daily obedience?",T_C_CF_003,objective_v2
Primary,Hamartiology,Nature of Sin,objective,What are the most common contemporary misconceptions or distortions of the nature of sin? How would you correct each one from Scripture and historic Christian teaching?,P_H_NOS_010,objective_v2
Primary,Soteriology,Atonement,objective,Why is the atonement considered essential (or non-essential) to the gospel itself? How does it relate to the person and work of Christ?,P_S_A_005,objective_v2
Primary,Prolegomena,Nature of Theology,objective,Why is the nature of theology considered essential (or non-essential) to the gospel itself? How does it relate to the person and work of Christ?,P_P_NOT_009,objective_v2
Secondary,Eucharist,Presence of Christ,pastoral,One of the young adults in your small group is dating a non-Christian and is being told that their differing views on the presence of Christ in the Lord's Supper don't really matter 'as long as we love each other.' How should you address this situation?,S_E_POC_011,pastoral_v2
Primary,Hamartiology,Nature of Sin,objective,Why is the nature of sin considered essential (or non-essential) to the gospel itself? How does it relate to the person and work of Christ?,P_H_NOS_004,objective_v2
Tertiary,Creation,Ex Nihilo Creation,pastoral,A Christian is using their strong view on creation ex nihilo to judge and divide from other believers who hold different but biblically defensible positions. How would you counsel them?,T_C_ENC_009,adversarial_precision_v2
Primary,Soteriology,Regeneration & Union with Christ,objective,Describe the historic confessional understanding of regeneration and union with Christ as articulated in the major creeds and Reformation confessions. Include key supporting texts.,P_S_RUW_002,objective_v2
Secondary,Anthropology (roles),Complementarianism vs. Egalitarianism,pastoral,Two mature Christians in your church hold different but orthodox views on complementarian and egalitarian views on gender roles. One is insisting the other is not a 'real' Christian because of it. How do you address this as a leader?,S_AR_CVE_010,adversarial_precision_v2
Secondary,Baptism,Subjects of Baptism,pastoral,"In what ways does the proper subjects (recipients) of baptism connect to the life, death, and resurrection of Jesus Christ?",S_B_SOB_012,coherence_application_v2
Secondary,Ecclesiology,Nature & Marks of the Church,pastoral,"In what ways does the nature and marks of the true church connect to the life, death, and resurrection of Jesus Christ?",S_E_NMO_013,coherence_application_v2
Primary,Hamartiology,Effects & Guilt of Sin,objective,"How should a clear understanding of the effects and guilt of sin inform the way a pastor or counselor answers questions about suffering, assurance, or daily obedience?",P_H_EGO_001,objective_v2
Secondary,Baptism,Mode of Baptism,objective,What are the central distinctions or nuances that must be maintained when teaching the proper mode of baptism in order to remain faithful to historic orthodoxy?,S_B_MOB_001,objective_v2
Primary,Prolegomena,Nature of Theology,objective,Someone argues that a right understanding of the nature of theology is unnecessary for salvation and that 'loving Jesus' is enough. How do you charitably but firmly correct this while still affirming the gospel?,P_P_NOT_015,adversarial_precision_v2
Primary,Hamartiology,Origin of Sin,pastoral,A small group is studying the origin of sin. One member says it is too abstract to matter for daily discipleship. How should the group respond?,P_H_OOS_016,coherence_application_v2
Primary,Prolegomena,Theological Method,pastoral,A longtime church member tells you privately that they are having serious doubts about theological method. They say it no longer seems important or even believable to them. How would you counsel them pastorally?,P_P_TM_011,pastoral_v2
Primary,Christology,Humanity of Christ,objective,Why is the humanity of Christ considered essential (or non-essential) to the gospel itself? How does it relate to the person and work of Christ?,P_C_HOC_005,objective_v2
Tertiary,Angelology,Demonic Activity,objective,Explain the primary biblical basis for demonic activity and the powers of darkness and its key implications for Christian belief and practice.,T_A_DA_002,objective_v2
Tertiary,Ethics,Sanctification in Daily Life,objective,What is the core teaching of historic Christianity regarding sanctification in everyday Christian life? Provide examples from Scripture and major confessional documents.,T_E_SID_003,objective_v2
Secondary,Eucharist,Nature of the Lord's Supper,objective,What are the most common contemporary misconceptions or distortions of the nature of the Lord's Supper? How would you correct each one from Scripture and historic Christian teaching?,S_E_NOT_003,objective_v2
Tertiary,Angelology,Spiritual Warfare,pastoral,"A thoughtful skeptic who is exploring Christianity says: 'I can accept that Jesus was a good teacher, but I don't see why spiritual warfare matters or why Christians fight about it.' How do you respond with clarity and compassion?",T_A_SW_006,pastoral_v2
Primary,Christology,Deity of Christ,pastoral,A longtime church member tells you privately that they are having serious doubts about the deity of Christ. They say it no longer seems important or even believable to them. How would you counsel them pastorally?,P_C_DOC_009,pastoral_v2
Secondary,Eucharist,Frequency & Practice,pastoral,A new Christian has been reading popular books that treat the frequency and practice of the Lord's Supper as a 'secondary issue' but are using that claim to downplay the importance of core gospel truths. How do you help them think about the proper weight of this doctrine using theological triage?,S_E_FP_010,pastoral_v2
Primary,Bibliology,Inerrancy & Sufficiency,pastoral,A new Christian has been reading popular books that treat the inerrancy and sufficiency of Scripture as a 'secondary issue' but are using that claim to downplay the importance of core gospel truths. How do you help them think about the proper weight of this doctrine using theological triage?,P_B_IS_014,pastoral_v2
Primary,Soteriology,Regeneration & Union with Christ,objective,What is the core teaching of historic Christianity regarding regeneration and union with Christ? Provide examples from Scripture and major confessional documents.,P_S_RUW_003,objective_v2
Secondary,Baptism,Mode of Baptism,pastoral,A parent in your congregation wants help explaining the proper mode of baptism to their 10-year-old and 14-year-old children in age-appropriate ways without watering down the truth. What guidance and resources would you give?,S_B_MOB_004,pastoral_v2
Secondary,Eucharist,Nature of the Lord's Supper,objective,Explain the primary biblical basis for the nature of the Lord's Supper and its key implications for Christian belief and practice.,S_E_NOT_004,objective_v2
Primary,Hamartiology,Effects & Guilt of Sin,objective,Someone argues that a right understanding of the effects and guilt of sin is unnecessary for salvation and that 'loving Jesus' is enough. How do you charitably but firmly correct this while still affirming the gospel?,P_H_EGO_015,adversarial_precision_v2
Primary,Trinitarianism,Eternal Relations,pastoral,"A new believer who has been a Christian for only six weeks asks you to explain the eternal relations within the Trinity in simple terms. They say they have never heard this before. How would you respond, grounding your answer in Scripture?",P_T_ER_010,pastoral_v2
Tertiary,Angelology,Nature & Hierarchy of Angels,pastoral,"A couple in your church has just lost their 4-year-old child to cancer. In the weeks that follow, they ask you pointed questions about the nature and hierarchy of angels in light of their pain. How do you respond?",T_A_NHO_008,pastoral_v2
Primary,Soteriology,Regeneration & Union with Christ,objective,Someone argues that a right understanding of regeneration and union with Christ is unnecessary for salvation and that 'loving Jesus' is enough. How do you charitably but firmly correct this while still affirming the gospel?,P_S_RUW_015,adversarial_precision_v2
Primary,Trinitarianism,Unity of Essence,pastoral,"In a Bible study, someone asks how the unity of essence in the Trinity should shape a Christian's response to current cultural debates around [identity / authority / suffering / sexuality / end times]. Give a biblically grounded, pastorally wise answer.",P_T_UOE_008,pastoral_v2
Primary,Bibliology,Authority,objective,What are the most important scriptural passages supporting the authority of Scripture? How should this doctrine shape the everyday life of a believer?,P_B_A_002,objective_v2
Secondary,Baptism,Mode of Baptism,objective,"How should a clear understanding of the proper mode of baptism inform the way a pastor or counselor answers questions about suffering, assurance, or daily obedience?",S_B_MOB_002,objective_v2
Primary,Hamartiology,Effects & Guilt of Sin,pastoral,"A new believer who has been a Christian for only six weeks asks you to explain the effects and guilt of sin in simple terms. They say they have never heard this before. How would you respond, grounding your answer in Scripture?",P_H_EGO_010,pastoral_v2
Primary,Bibliology,Authority,pastoral,"A new believer who has been a Christian for only six weeks asks you to explain the authority of Scripture in simple terms. They say they have never heard this before. How would you respond, grounding your answer in Scripture?",P_B_A_009,pastoral_v2
Tertiary,Covenantology,Covenant Framework,pastoral,A believer who struggles with assurance asks how the covenant framework of Scripture relates to their personal standing before God and their daily walk with Christ. What would you tell them?,T_C_CF_007,pastoral_v2
Primary,Trinitarianism,Eternal Relations,objective,"In a discussion, a participant says that historic formulations of the eternal relations within the Trinity are culturally conditioned and should be revised for modern sensibilities. What is at stake if we do that?",P_T_ER_015,adversarial_precision_v2
Primary,Hamartiology,Nature of Sin,pastoral,A longtime church member tells you privately that they are having serious doubts about the nature of sin. They say it no longer seems important or even believable to them. How would you counsel them pastorally?,P_H_NOS_014,pastoral_v2
Primary,Christology,Hypostatic Union,pastoral,"Your church's elder board is divided over a practical decision that hinges on their understanding of the hypostatic union of Christ. Some want a quick vote; others want a slower, more deliberate process. As a pastor, how do you lead through this?",P_C_HU_010,pastoral_v2
Primary,Bibliology,Inerrancy & Sufficiency,objective,Why is the inerrancy and sufficiency of Scripture considered essential (or non-essential) to the gospel itself? How does it relate to the person and work of Christ?,P_B_IS_003,objective_v2
Tertiary,Providence,God's Sovereignty,pastoral,A longtime church member tells you privately that they are having serious doubts about God's sovereignty. They say it no longer seems important or even believable to them. How would you counsel them pastorally?,T_P_GS_009,pastoral_v2
Primary,Theology Proper,Attributes of God,objective,What are the central distinctions or nuances that must be maintained when teaching the attributes of God in order to remain faithful to historic orthodoxy?,P_TP_AOG_004,objective_v2
Primary,Theology Proper,Attributes of God,pastoral,"A couple in your church has just lost their 4-year-old child to cancer. In the weeks that follow, they ask you pointed questions about the attributes of God in light of their pain. How do you respond?",P_TP_AOG_011,pastoral_v2
Tertiary,Ethics,Moral Law Application,pastoral,A believer who struggles with assurance asks how the application of the moral law today relates to their personal standing before God and their daily walk with Christ. What would you tell them?,T_E_MLA_008,pastoral_v2
Primary,Soteriology,Atonement,pastoral,"In a Bible study, someone asks how the atonement should shape a Christian's response to current cultural debates around [identity / authority / suffering / sexuality / end times]. Give a biblically grounded, pastorally wise answer.",P_S_A_011,pastoral_v2
Primary,Christology,Hypostatic Union,objective,A popular online teacher claims that the hypostatic union of Christ is a later church invention and not clearly taught in the Bible. A young believer in your group is confused. How do you respond?,P_C_HU_014,adversarial_precision_v2
Primary,Prolegomena,Nature of Theology,pastoral,A new Christian has been reading popular books that treat the nature of theology as a 'secondary issue' but are using that claim to downplay the importance of core gospel truths. How do you help them think about the proper weight of this doctrine using theological triage?,P_P_NOT_010,pastoral_v2
Primary,Christology,Deity of Christ,objective,"What specific claims did Jesus make about himself that, if false, would make him either a liar or a lunatic rather than a good moral teacher? How do the Gospels present these claims?",P_C_DOC_005,hand_curated_precision_v2
Secondary,Ecclesiology,Church Government & Polity,objective,Why is church government and polity considered essential (or non-essential) to the gospel itself? How does it relate to the person and work of Christ?,S_E_CGP_003,objective_v2
Tertiary,Providence,Theodicy & Suffering,pastoral,"A new believer who has been a Christian for only six weeks asks you to explain the problem of evil, theodicy, and suffering in simple terms. They say they have never heard this before. How would you respond, grounding your answer in Scripture?",T_P_TS_006,pastoral_v2
Tertiary,Israelology,Future of Ethnic Israel,pastoral,A Christian is using their strong view on the future of ethnic Israel to judge and divide from other believers who hold different but biblically defensible positions. How would you counsel them?,T_I_FOE_009,adversarial_precision_v2
Primary,Hamartiology,Effects & Guilt of Sin,pastoral,"Your church's elder board is divided over a practical decision that hinges on their understanding of the effects and guilt of sin. Some want a quick vote; others want a slower, more deliberate process. As a pastor, how do you lead through this?",P_H_EGO_012,pastoral_v2
Primary,Theology Proper,Attributes of God,pastoral,One of the young adults in your small group is dating a non-Christian and is being told that their differing views on the attributes of God don't really matter 'as long as we love each other.' How should you address this situation?,P_TP_AOG_012,pastoral_v2
Primary,Christology,Hypostatic Union,pastoral,A believer who struggles with assurance asks how the hypostatic union of Christ relates to their personal standing before God and their daily walk with Christ. What would you tell them?,P_C_HU_009,pastoral_v2
Secondary,Ecclesiology,Church Government & Polity,pastoral,"A couple in your church has just lost their 4-year-old child to cancer. In the weeks that follow, they ask you pointed questions about church government and polity in light of their pain. How do you respond?",S_E_CGP_007,pastoral_v2
Secondary,Ecclesiology,Discipline & Unity,objective,"How does church discipline and the unity of the church fit within the broader system of Christian theology? Identify two other doctrines it most directly supports or is supported by, and explain the connections.",S_E_DU_003,objective_v2
Primary,Hamartiology,Effects & Guilt of Sin,pastoral,"A couple in your church has just lost their 4-year-old child to cancer. In the weeks that follow, they ask you pointed questions about the effects and guilt of sin in light of their pain. How do you respond?",P_H_EGO_011,pastoral_v2
Primary,Soteriology,Justification by Faith,objective,What are the central distinctions or nuances that must be maintained when teaching justification by faith alone in order to remain faithful to historic orthodoxy?,P_S_JBF_006,objective_v2
Secondary,Anthropology (roles),Image of God,pastoral,"In what ways does the image of God in humanity connect to the life, death, and resurrection of Jesus Christ?",S_AR_IOG_013,coherence_application_v2
Primary,Trinitarianism,Unity of Essence,objective,A popular online teacher claims that the unity of essence in the Trinity is a later church invention and not clearly taught in the Bible. A young believer in your group is confused. How do you respond?,P_T_UOE_014,adversarial_precision_v2
Secondary,Eucharist,Presence of Christ,objective,Describe the historic confessional understanding of the presence of Christ in the Lord's Supper as articulated in the major creeds and Reformation confessions. Include key supporting texts.,S_E_POC_001,objective_v2
Secondary,Eucharist,Nature of the Lord's Supper,pastoral,"A couple in your church has just lost their 4-year-old child to cancer. In the weeks that follow, they ask you pointed questions about the nature of the Lord's Supper in light of their pain. How do you respond?",S_E_NOT_008,pastoral_v2
Tertiary,Ethics,Sanctification in Daily Life,pastoral,"A thoughtful skeptic who is exploring Christianity says: 'I can accept that Jesus was a good teacher, but I don't see why sanctification in everyday Christian life matters or why Christians fight about it.' How do you respond with clarity and compassion?",T_E_SID_005,pastoral_v2
Tertiary,Eschatology,Millennium Views,objective,"How should a clear understanding of millennial views (pre-, post-, and a-millennialism) inform the way a pastor or counselor answers questions about suffering, assurance, or daily obedience?",T_E_MV_002,objective_v2
Primary,Hamartiology,Nature of Sin,objective,"In a discussion, a participant says that historic formulations of the nature of sin are culturally conditioned and should be revised for modern sensibilities. What is at stake if we do that?",P_H_NOS_017,adversarial_precision_v2
Secondary,Anthropology (roles),Gender & Sexuality,pastoral,A new Christian has been reading popular books that treat gender and human sexuality as a 'secondary issue' but are using that claim to downplay the importance of core gospel truths. How do you help them think about the proper weight of this doctrine using theological triage?,S_AR_GS_004,pastoral_v2
Primary,Soteriology,Justification by Faith,objective,"How should a clear understanding of justification by faith alone inform the way a pastor or counselor answers questions about suffering, assurance, or daily obedience?",P_S_JBF_003,objective_v2
Primary,Soteriology,Justification by Faith,pastoral,"A faithful Christian friend from a different tradition (e.g., a Presbyterian talking to a Baptist, or vice versa) asks you why your church practices justification by faith alone differently from theirs. How do you explain your position while maintaining genuine respect and unity in the gospel?",P_S_JBF_012,pastoral_v2
Primary,Prolegomena,Revelation (General & Special),pastoral,A parent in your congregation wants help explaining general and special revelation to their 10-year-old and 14-year-old children in age-appropriate ways without watering down the truth. What guidance and resources would you give?,P_P_RGS_010,pastoral_v2
Primary,Hamartiology,Nature of Sin,objective,What are the central distinctions or nuances that must be maintained when teaching the nature of sin in order to remain faithful to historic orthodoxy?,P_H_NOS_002,objective_v2
Primary,Christology,Deity of Christ,objective,A popular online teacher claims that the deity of Christ is a later church invention and not clearly taught in the Bible. A young believer in your group is confused. How do you respond?,P_C_DOC_015,adversarial_precision_v2
Primary,Trinitarianism,Distinction of Persons,objective,"Explain the doctrine of eternal relations of origin (paternity, filiation, spiration) without falling into subordinationism or modalism. Why does this matter?",P_T_DOP_005,hand_curated_precision_v2
Primary,Christology,Deity of Christ,pastoral,"A Muslim friend says, 'We honor Jesus as a great prophet, but calling him God is blasphemous.' How do you respond from Scripture in a conversation that is respectful but clear about the exclusive claims of Christ?",P_C_DOC_005,hand_curated_precision_v2
Primary,Theology Proper,Existence of God,pastoral,"In a Bible study, someone asks how the existence of God should shape a Christian's response to current cultural debates around [identity / authority / suffering / sexuality / end times]. Give a biblically grounded, pastorally wise answer.",P_TP_EOG_011,pastoral_v2
Primary,Bibliology,Inspiration,pastoral,One of the young adults in your small group is dating a non-Christian and is being told that their differing views on the inspiration of Scripture don't really matter 'as long as we love each other.' How should you address this situation?,P_B_I_013,pastoral_v2
Tertiary,Eschatology,Timing of Christ's Return,objective,What are the most important scriptural passages supporting the timing of Christ's return? How should this doctrine shape the everyday life of a believer?,T_E_TOC_001,objective_v2
Secondary,Eucharist,Presence of Christ,pastoral,An atheist podcaster you are dialoguing with claims that the presence of Christ in the Lord's Supper is one of the main reasons Christianity is harmful or incoherent. How do you engage their specific objection?,S_E_POC_010,pastoral_v2
Primary,Theology Proper,Existence of God,objective,What are the most common contemporary misconceptions or distortions of the existence of God? How would you correct each one from Scripture and historic Christian teaching?,P_TP_EOG_004,objective_v2
Secondary,Pneumatology (gifts),Baptism & Filling of the Spirit,objective,What are the most common contemporary misconceptions or distortions of baptism and filling with the Holy Spirit? How would you correct each one from Scripture and historic Christian teaching?,S_PG_BFO_001,objective_v2
Tertiary,Israelology,Covenant Promises,pastoral,One of the young adults in your small group is dating a non-Christian and is being told that their differing views on the covenant promises to Israel don't really matter 'as long as we love each other.' How should you address this situation?,T_I_CP_004,pastoral_v2
Tertiary,Eschatology,Millennium Views,pastoral,"A couple in your church has just lost their 4-year-old child to cancer. In the weeks that follow, they ask you pointed questions about millennial views (pre-, post-, and a-millennialism) in light of their pain. How do you respond?",T_E_MV_004,pastoral_v2
Tertiary,Providence,Human Responsibility,pastoral,A Christian is using their strong view on human responsibility to judge and divide from other believers who hold different but biblically defensible positions. How would you counsel them?,T_P_HR_008,adversarial_precision_v2
Primary,Trinitarianism,Eternal Relations,objective,In what ways can a misunderstanding of the eternal relations within the Trinity lead to serious doctrinal error elsewhere? Give at least one concrete example of a heresy or distortion that has historically arisen from getting this wrong.,P_T_ER_006,objective_v2
Primary,Soteriology,Justification by Faith,objective,Explain the primary biblical basis for justification by faith alone and its key implications for Christian belief and practice.,P_S_JBF_004,objective_v2
Tertiary,Creation,Days of Creation,objective,What is the core teaching of historic Christianity regarding the days of creation (length and nature)? Provide examples from Scripture and major confessional documents.,T_C_DOC_003,objective_v2
Secondary,Baptism,Subjects of Baptism,objective,Why is the proper subjects (recipients) of baptism considered essential (or non-essential) to the gospel itself? How does it relate to the person and work of Christ?,S_B_SOB_004,objective_v2
Tertiary,Ethics,Cultural Engagement,objective,"How should a clear understanding of Christian cultural engagement inform the way a pastor or counselor answers questions about suffering, assurance, or daily obedience?",T_E_CE_001,objective_v2
Primary,Trinitarianism,Unity of Essence,objective,In what ways can a misunderstanding of the unity of essence in the Trinity lead to serious doctrinal error elsewhere? Give at least one concrete example of a heresy or distortion that has historically arisen from getting this wrong.,P_T_UOE_005,objective_v2
Primary,Theology Proper,Attributes of God,objective,Someone argues that a right understanding of the attributes of God is unnecessary for salvation and that 'loving Jesus' is enough. How do you charitably but firmly correct this while still affirming the gospel?,P_TP_AOG_014,adversarial_precision_v2
Tertiary,Creation,Ex Nihilo Creation,objective,"How does creation ex nihilo fit within the broader system of Christian theology? Identify two other doctrines it most directly supports or is supported by, and explain the connections.",T_C_ENC_003,objective_v2
Tertiary,Providence,Theodicy & Suffering,pastoral,"In a Bible study, someone asks how the problem of evil, theodicy, and suffering should shape a Christian's response to current cultural debates around [identity / authority / suffering / sexuality / end times]. Give a biblically grounded, pastorally wise answer.",T_P_TS_005,pastoral_v2
Primary,Trinitarianism,Eternal Relations,objective,Explain the primary biblical basis for the eternal relations within the Trinity and its key implications for Christian belief and practice.,P_T_ER_005,objective_v2
Secondary,Pneumatology (gifts),Continuation vs. Cessation,pastoral,"A thoughtful skeptic who is exploring Christianity says: 'I can accept that Jesus was a good teacher, but I don't see why the continuation or cessation of spiritual gifts matters or why Christians fight about it.' How do you respond with clarity and compassion?",S_PG_CVC_009,pastoral_v2
Secondary,Eucharist,Frequency & Practice,objective,In what ways can a misunderstanding of the frequency and practice of the Lord's Supper lead to serious doctrinal error elsewhere? Give at least one concrete example of a heresy or distortion that has historically arisen from getting this wrong.,S_E_FP_005,objective_v2
Tertiary,Ethics,Sanctification in Daily Life,objective,In what ways can a misunderstanding of sanctification in everyday Christian life lead to serious doctrinal error elsewhere? Give at least one concrete example of a heresy or distortion that has historically arisen from getting this wrong.,T_E_SID_002,objective_v2
Primary,Soteriology,Justification by Faith,pastoral,A man who has been in church for years tells you he believes he is a Christian because he 'asked Jesus into his heart' at age 8 and has tried to be good ever since. He shows little interest in the finished work of Christ. How do you address his understanding of justification?,P_S_JBF_004,hand_curated_precision_v2
Secondary,Baptism,Subjects of Baptism,pastoral,"A thoughtful skeptic who is exploring Christianity says: 'I can accept that Jesus was a good teacher, but I don't see why the proper subjects (recipients) of baptism matters or why Christians fight about it.' How do you respond with clarity and compassion?",S_B_SOB_009,pastoral_v2
Primary,Soteriology,Regeneration & Union with Christ,objective,"How does regeneration and union with Christ fit within the broader system of Christian theology? Identify two other doctrines it most directly supports or is supported by, and explain the connections.",P_S_RUW_004,objective_v2
Secondary,Ecclesiology,Church Government & Polity,objective,Describe the historic confessional understanding of church government and polity as articulated in the major creeds and Reformation confessions. Include key supporting texts.,S_E_CGP_002,objective_v2
Tertiary,Covenantology,Covenant Framework,pastoral,"A thoughtful skeptic who is exploring Christianity says: 'I can accept that Jesus was a good teacher, but I don't see why the covenant framework of Scripture matters or why Christians fight about it.' How do you respond with clarity and compassion?",T_C_CF_005,pastoral_v2
Primary,Theology Proper,Decrees of God,objective,Why is the decrees of God considered essential (or non-essential) to the gospel itself? How does it relate to the person and work of Christ?,P_TP_DOG_003,objective_v2
Primary,Theology Proper,Decrees of God,pastoral,"A faithful Christian friend from a different tradition (e.g., a Presbyterian talking to a Baptist, or vice versa) asks you why your church practices the decrees of God differently from theirs. How do you explain your position while maintaining genuine respect and unity in the gospel?",P_TP_DOG_008,pastoral_v2
Tertiary,Covenantology,Covenant Framework,pastoral,A parent in your congregation wants help explaining the covenant framework of Scripture to their 10-year-old and 14-year-old children in age-appropriate ways without watering down the truth. What guidance and resources would you give?,T_C_CF_006,pastoral_v2
Primary,Soteriology,Regeneration & Union with Christ,pastoral,A new Christian has been reading popular books that treat regeneration and union with Christ as a 'secondary issue' but are using that claim to downplay the importance of core gospel truths. How do you help them think about the proper weight of this doctrine using theological triage?,P_S_RUW_008,pastoral_v2
Primary,Prolegomena,Theological Method,objective,Describe the historic confessional understanding of theological method as articulated in the major creeds and Reformation confessions. Include key supporting texts.,P_P_TM_007,objective_v2
Primary,Trinitarianism,Distinction of Persons,objective,"In a discussion, a participant says that historic formulations of the distinction of persons in the Trinity are culturally conditioned and should be revised for modern sensibilities. What is at stake if we do that?",P_T_DOP_015,adversarial_precision_v2
Tertiary,Angelology,Demonic Activity,pastoral,"In what ways does demonic activity and the powers of darkness connect to the life, death, and resurrection of Jesus Christ?",T_A_DA_009,coherence_application_v2
Primary,Soteriology,Justification by Faith,objective,In what ways can a misunderstanding of justification by faith alone lead to serious doctrinal error elsewhere? Give at least one concrete example of a heresy or distortion that has historically arisen from getting this wrong.,P_S_JBF_002,objective_v2
Tertiary,Covenantology,Old vs. New Covenant,pastoral,A Christian is using their strong view on the relationship between the old and new covenants to judge and divide from other believers who hold different but biblically defensible positions. How would you counsel them?,T_C_OVN_009,adversarial_precision_v2
Primary,Prolegomena,Nature of Theology,objective,"How does the nature of theology fit within the broader system of Christian theology? Identify two other doctrines it most directly supports or is supported by, and explain the connections.",P_P_NOT_003,objective_v2
Primary,Soteriology,Justification by Faith,pastoral,"Your church's elder board is divided over a practical decision that hinges on their understanding of justification by faith alone. Some want a quick vote; others want a slower, more deliberate process. As a pastor, how do you lead through this?",P_S_JBF_010,pastoral_v2
Secondary,Ecclesiology,Church Government & Polity,objective,What are the central distinctions or nuances that must be maintained when teaching church government and polity in order to remain faithful to historic orthodoxy?,S_E_CGP_001,objective_v2
Primary,Prolegomena,Theological Method,pastoral,"A faithful Christian friend from a different tradition (e.g., a Presbyterian talking to a Baptist, or vice versa) asks you why your church practices theological method differently from theirs. How do you explain your position while maintaining genuine respect and unity in the gospel?",P_P_TM_012,pastoral_v2
Tertiary,Eschatology,Timing of Christ's Return,pastoral,"In a Bible study, someone asks how the timing of Christ's return should shape a Christian's response to current cultural debates around [identity / authority / suffering / sexuality / end times]. Give a biblically grounded, pastorally wise answer.",T_E_TOC_009,pastoral_v2
Primary,Trinitarianism,Distinction of Persons,pastoral,"In a Bible study, someone asks how the distinction of persons in the Trinity should shape a Christian's response to current cultural debates around [identity / authority / suffering / sexuality / end times]. Give a biblically grounded, pastorally wise answer.",P_T_DOP_014,pastoral_v2
Primary,Prolegomena,Revelation (General & Special),pastoral,A longtime church member tells you privately that they are having serious doubts about general and special revelation. They say it no longer seems important or even believable to them. How would you counsel them pastorally?,P_P_RGS_009,pastoral_v2
Secondary,Pneumatology (gifts),Baptism & Filling of the Spirit,pastoral,"In a Bible study, someone asks how baptism and filling with the Holy Spirit should shape a Christian's response to current cultural debates around [identity / authority / suffering / sexuality / end times]. Give a biblically grounded, pastorally wise answer.",S_PG_BFO_008,pastoral_v2
Primary,Hamartiology,Origin of Sin,objective,Someone argues that a right understanding of the origin of sin is unnecessary for salvation and that 'loving Jesus' is enough. How do you charitably but firmly correct this while still affirming the gospel?,P_H_OOS_014,adversarial_precision_v2
Primary,Soteriology,Atonement,objective,A popular online teacher claims that the atonement is a later church invention and not clearly taught in the Bible. A young believer in your group is confused. How do you respond?,P_S_A_016,adversarial_precision_v2
Secondary,Pneumatology (gifts),Continuation vs. Cessation,pastoral,Two mature Christians in your church hold different but orthodox views on the continuation or cessation of spiritual gifts. One is insisting the other is not a 'real' Christian because of it. How do you address this as a leader?,S_PG_CVC_012,adversarial_precision_v2
Primary,Hamartiology,Effects & Guilt of Sin,objective,What are the most important scriptural passages supporting the effects and guilt of sin? How should this doctrine shape the everyday life of a believer?,P_H_EGO_002,objective_v2
Tertiary,Creation,Timing & Mechanism,pastoral,A parent in your congregation wants help explaining the timing and mechanism of creation to their 10-year-old and 14-year-old children in age-appropriate ways without watering down the truth. What guidance and resources would you give?,T_C_TM_007,pastoral_v2
Primary,Trinitarianism,Unity of Essence,pastoral,"A thoughtful skeptic who is exploring Christianity says: 'I can accept that Jesus was a good teacher, but I don't see why the unity of essence in the Trinity matters or why Christians fight about it.' How do you respond with clarity and compassion?",P_T_UOE_009,pastoral_v2
Primary,Theology Proper,Attributes of God,pastoral,"A faithful Christian friend from a different tradition (e.g., a Presbyterian talking to a Baptist, or vice versa) asks you why your church practices the attributes of God differently from theirs. How do you explain your position while maintaining genuine respect and unity in the gospel?",P_TP_AOG_008,pastoral_v2
Tertiary,Israelology,Role of Israel,pastoral,"A thoughtful skeptic who is exploring Christianity says: 'I can accept that Jesus was a good teacher, but I don't see why the role of Israel in God's purposes matters or why Christians fight about it.' How do you respond with clarity and compassion?",T_I_ROI_004,pastoral_v2
Secondary,Ecclesiology,Nature & Marks of the Church,pastoral,"In a Bible study, someone asks how the nature and marks of the true church should shape a Christian's response to current cultural debates around [identity / authority / suffering / sexuality / end times]. Give a biblically grounded, pastorally wise answer.",S_E_NMO_006,pastoral_v2
Primary,Hamartiology,Effects & Guilt of Sin,pastoral,A longtime church member tells you privately that they are having serious doubts about the effects and guilt of sin. They say it no longer seems important or even believable to them. How would you counsel them pastorally?,P_H_EGO_009,pastoral_v2
Primary,Theology Proper,Attributes of God,objective,In what ways can a misunderstanding of the attributes of God lead to serious doctrinal error elsewhere? Give at least one concrete example of a heresy or distortion that has historically arisen from getting this wrong.,P_TP_AOG_003,objective_v2
Secondary,Anthropology (roles),Complementarianism vs. Egalitarianism,pastoral,A new Christian has been reading popular books that treat complementarian and egalitarian views on gender roles as a 'secondary issue' but are using that claim to downplay the importance of core gospel truths. How do you help them think about the proper weight of this doctrine using theological triage?,S_AR_CVE_008,pastoral_v2
Primary,Trinitarianism,Distinction of Persons,pastoral,"A thoughtful skeptic who is exploring Christianity says: 'I can accept that Jesus was a good teacher, but I don't see why the distinction of persons in the Trinity matters or why Christians fight about it.' How do you respond with clarity and compassion?",P_T_DOP_010,pastoral_v2
Secondary,Ecclesiology,Church Government & Polity,pastoral,A longtime church member tells you privately that they are having serious doubts about church government and polity. They say it no longer seems important or even believable to them. How would you counsel them pastorally?,S_E_CGP_008,pastoral_v2
Secondary,Anthropology (roles),Complementarianism vs. Egalitarianism,pastoral,How would a misunderstanding of complementarian and egalitarian views on gender roles affect a believer's assurance or approach to suffering?,S_AR_CVE_012,coherence_application_v2
Primary,Bibliology,Inspiration,objective,"How should a clear understanding of the inspiration of Scripture inform the way a pastor or counselor answers questions about suffering, assurance, or daily obedience?",P_B_I_006,objective_v2
Tertiary,Covenantology,Covenant vs. Dispensationalism,objective,In what ways can a misunderstanding of covenant theology versus dispensationalism lead to serious doctrinal error elsewhere? Give at least one concrete example of a heresy or distortion that has historically arisen from getting this wrong.,T_C_CVD_002,objective_v2
Primary,Christology,Humanity of Christ,objective,Someone argues that a right understanding of the humanity of Christ is unnecessary for salvation and that 'loving Jesus' is enough. How do you charitably but firmly correct this while still affirming the gospel?,P_C_HOC_012,adversarial_precision_v2
Primary,Hamartiology,Effects & Guilt of Sin,pastoral,How would a misunderstanding of the effects and guilt of sin affect a believer's assurance or approach to suffering?,P_H_EGO_016,coherence_application_v2
Primary,Prolegomena,Theological Method,objective,What are the most important scriptural passages supporting theological method? How should this doctrine shape the everyday life of a believer?,P_P_TM_005,objective_v2
Tertiary,Providence,Human Responsibility,objective,What are the most important scriptural passages supporting human responsibility? How should this doctrine shape the everyday life of a believer?,T_P_HR_002,objective_v2
Primary,Soteriology,Regeneration & Union with Christ,objective,In what ways can a misunderstanding of regeneration and union with Christ lead to serious doctrinal error elsewhere? Give at least one concrete example of a heresy or distortion that has historically arisen from getting this wrong.,P_S_RUW_007,objective_v2
Primary,Hamartiology,Origin of Sin,objective,"In a discussion, a participant says that historic formulations of the origin of sin are culturally conditioned and should be revised for modern sensibilities. What is at stake if we do that?",P_H_OOS_013,adversarial_precision_v2
Secondary,Pneumatology (gifts),Spiritual Gifts,objective,"How does spiritual gifts fit within the broader system of Christian theology? Identify two other doctrines it most directly supports or is supported by, and explain the connections.",S_PG_SG_001,objective_v2
Tertiary,Ethics,Moral Law Application,objective,"How should a clear understanding of the application of the moral law today inform the way a pastor or counselor answers questions about suffering, assurance, or daily obedience?",T_E_MLA_003,objective_v2
Primary,Trinitarianism,Eternal Relations,objective,Someone argues that a right understanding of the eternal relations within the Trinity is unnecessary for salvation and that 'loving Jesus' is enough. How do you charitably but firmly correct this while still affirming the gospel?,P_T_ER_014,adversarial_precision_v2
Tertiary,Israelology,Role of Israel,pastoral,A believer who struggles with assurance asks how the role of Israel in God's purposes relates to their personal standing before God and their daily walk with Christ. What would you tell them?,T_I_ROI_009,pastoral_v2
Tertiary,Ethics,Moral Law Application,objective,Why is the application of the moral law today considered essential (or non-essential) to the gospel itself? How does it relate to the person and work of Christ?,T_E_MLA_002,objective_v2
Tertiary,Providence,Theodicy & Suffering,pastoral,"A new Christian has been reading popular books that treat the problem of evil, theodicy, and suffering as a 'secondary issue' but are using that claim to downplay the importance of core gospel truths. How do you help them think about the proper weight of this doctrine using theological triage?",T_P_TS_004,pastoral_v2
Primary,Bibliology,Inerrancy & Sufficiency,objective,Explain the primary biblical basis for the inerrancy and sufficiency of Scripture and its key implications for Christian belief and practice.,P_B_IS_006,objective_v2
Primary,Trinitarianism,Eternal Relations,objective,What is the core teaching of historic Christianity regarding the eternal relations within the Trinity? Provide examples from Scripture and major confessional documents.,P_T_ER_007,objective_v2
Primary,Soteriology,Atonement,objective,What are the most important scriptural passages supporting the atonement? How should this doctrine shape the everyday life of a believer?,P_S_A_008,objective_v2
Secondary,Pneumatology (gifts),Spiritual Gifts,objective,What are the most important scriptural passages supporting spiritual gifts? How should this doctrine shape the everyday life of a believer?,S_PG_SG_005,objective_v2
Tertiary,Eschatology,Millennium Views,objective,"How does millennial views (pre-, post-, and a-millennialism) fit within the broader system of Christian theology? Identify two other doctrines it most directly supports or is supported by, and explain the connections.",T_E_MV_001,objective_v2
Tertiary,Creation,Timing & Mechanism,pastoral,A new Christian has been reading popular books that treat the timing and mechanism of creation as a 'secondary issue' but are using that claim to downplay the importance of core gospel truths. How do you help them think about the proper weight of this doctrine using theological triage?,T_C_TM_008,pastoral_v2
Tertiary,Covenantology,Covenant vs. Dispensationalism,objective,Why is covenant theology versus dispensationalism considered essential (or non-essential) to the gospel itself? How does it relate to the person and work of Christ?,T_C_CVD_001,objective_v2
Tertiary,Israelology,Role of Israel,pastoral,"In a Bible study, someone asks how the role of Israel in God's purposes should shape a Christian's response to current cultural debates around [identity / authority / suffering / sexuality / end times]. Give a biblically grounded, pastorally wise answer.",T_I_ROI_007,pastoral_v2
Secondary,Pneumatology (gifts),Continuation vs. Cessation,pastoral,"A faithful Christian friend from a different tradition (e.g., a Presbyterian talking to a Baptist, or vice versa) asks you why your church practices the continuation or cessation of spiritual gifts differently from theirs. How do you explain your position while maintaining genuine respect and unity in the gospel?",S_PG_CVC_005,pastoral_v2
Primary,Prolegomena,Nature of Theology,objective,Explain the primary biblical basis for the nature of theology and its key implications for Christian belief and practice.,P_P_NOT_008,objective_v2
Tertiary,Ethics,Sanctification in Daily Life,pastoral,"Your church's elder board is divided over a practical decision that hinges on their understanding of sanctification in everyday Christian life. Some want a quick vote; others want a slower, more deliberate process. As a pastor, how do you lead through this?",T_E_SID_007,pastoral_v2
Primary,Prolegomena,Revelation (General & Special),objective,"In a discussion, a participant says that historic formulations of general and special revelation are culturally conditioned and should be revised for modern sensibilities. What is at stake if we do that?",P_P_RGS_016,adversarial_precision_v2
Secondary,Eucharist,Frequency & Practice,pastoral,"In a Bible study, someone asks how the frequency and practice of the Lord's Supper should shape a Christian's response to current cultural debates around [identity / authority / suffering / sexuality / end times]. Give a biblically grounded, pastorally wise answer.",S_E_FP_011,pastoral_v2
Tertiary,Eschatology,Signs of the End Times,pastoral,"In a Bible study, someone asks how the signs of the end times should shape a Christian's response to current cultural debates around [identity / authority / suffering / sexuality / end times]. Give a biblically grounded, pastorally wise answer.",T_E_SOT_005,pastoral_v2
Primary,Trinitarianism,Distinction of Persons,pastoral,"A couple in your church has just lost their 4-year-old child to cancer. In the weeks that follow, they ask you pointed questions about the distinction of persons in the Trinity in light of their pain. How do you respond?",P_T_DOP_011,pastoral_v2
Primary,Prolegomena,Theological Method,objective,"In a discussion, a participant says that historic formulations of theological method are culturally conditioned and should be revised for modern sensibilities. What is at stake if we do that?",P_P_TM_015,adversarial_precision_v2
Primary,Bibliology,Inspiration,pastoral,A small group is studying the inspiration of Scripture. One member says it is too abstract to matter for daily discipleship. How should the group respond?,P_B_I_016,coherence_application_v2
Tertiary,Ethics,Cultural Engagement,pastoral,A longtime church member tells you privately that they are having serious doubts about Christian cultural engagement. They say it no longer seems important or even believable to them. How would you counsel them pastorally?,T_E_CE_005,pastoral_v2
Tertiary,Covenantology,Covenant Framework,objective,Describe the historic confessional understanding of the covenant framework of Scripture as articulated in the major creeds and Reformation confessions. Include key supporting texts.,T_C_CF_001,objective_v2
Primary,Prolegomena,Nature of Theology,pastoral,"A couple in your church has just lost their 4-year-old child to cancer. In the weeks that follow, they ask you pointed questions about the nature of theology in light of their pain. How do you respond?",P_P_NOT_012,pastoral_v2
Secondary,Anthropology (roles),Gender & Sexuality,pastoral,An atheist podcaster you are dialoguing with claims that gender and human sexuality is one of the main reasons Christianity is harmful or incoherent. How do you engage their specific objection?,S_AR_GS_009,pastoral_v2
Secondary,Pneumatology (gifts),Baptism & Filling of the Spirit,pastoral,A longtime church member tells you privately that they are having serious doubts about baptism and filling with the Holy Spirit. They say it no longer seems important or even believable to them. How would you counsel them pastorally?,S_PG_BFO_006,pastoral_v2
Primary,Soteriology,Justification by Faith,objective,Describe the historic confessional understanding of justification by faith alone as articulated in the major creeds and Reformation confessions. Include key supporting texts.,P_S_JBF_008,objective_v2
Tertiary,Covenantology,Covenant Framework,pastoral,"A couple in your church has just lost their 4-year-old child to cancer. In the weeks that follow, they ask you pointed questions about the covenant framework of Scripture in light of their pain. How do you respond?",T_C_CF_004,pastoral_v2
Primary,Hamartiology,Effects & Guilt of Sin,pastoral,One of the young adults in your small group is dating a non-Christian and is being told that their differing views on the effects and guilt of sin don't really matter 'as long as we love each other.' How should you address this situation?,P_H_EGO_013,pastoral_v2
Primary,Theology Proper,Existence of God,objective,What are the most important scriptural passages supporting the existence of God? How should this doctrine shape the everyday life of a believer?,P_TP_EOG_008,objective_v2
Primary,Hamartiology,Effects & Guilt of Sin,pastoral,"In a Bible study, someone asks how the effects and guilt of sin should shape a Christian's response to current cultural debates around [identity / authority / suffering / sexuality / end times]. Give a biblically grounded, pastorally wise answer.",P_H_EGO_008,pastoral_v2
Secondary,Anthropology (roles),Complementarianism vs. Egalitarianism,objective,"How does complementarian and egalitarian views on gender roles fit within the broader system of Christian theology? Identify two other doctrines it most directly supports or is supported by, and explain the connections.",S_AR_CVE_004,objective_v2
Primary,Christology,Hypostatic Union,objective,"How should a clear understanding of the hypostatic union of Christ inform the way a pastor or counselor answers questions about suffering, assurance, or daily obedience?",P_C_HU_002,objective_v2
Primary,Prolegomena,Theological Method,pastoral,An atheist podcaster you are dialoguing with claims that theological method is one of the main reasons Christianity is harmful or incoherent. How do you engage their specific objection?,P_P_TM_010,pastoral_v2
Tertiary,Angelology,Spiritual Warfare,pastoral,A Christian is using their strong view on spiritual warfare to judge and divide from other believers who hold different but biblically defensible positions. How would you counsel them?,T_A_SW_008,adversarial_precision_v2
Primary,Hamartiology,Nature of Sin,objective,Explain the primary biblical basis for the nature of sin and its key implications for Christian belief and practice.,P_H_NOS_009,objective_v2
Secondary,Eucharist,Presence of Christ,pastoral,A parent in your congregation wants help explaining the presence of Christ in the Lord's Supper to their 10-year-old and 14-year-old children in age-appropriate ways without watering down the truth. What guidance and resources would you give?,S_E_POC_007,pastoral_v2
Primary,Bibliology,Inspiration,objective,In what ways can a misunderstanding of the inspiration of Scripture lead to serious doctrinal error elsewhere? Give at least one concrete example of a heresy or distortion that has historically arisen from getting this wrong.,P_B_I_002,objective_v2
Secondary,Ecclesiology,Discipline & Unity,pastoral,"Your church's elder board is divided over a practical decision that hinges on their understanding of church discipline and the unity of the church. Some want a quick vote; others want a slower, more deliberate process. As a pastor, how do you lead through this?",S_E_DU_006,pastoral_v2
Primary,Christology,Hypostatic Union,objective,Why is the hypostatic union of Christ considered essential (or non-essential) to the gospel itself? How does it relate to the person and work of Christ?,P_C_HU_006,objective_v2
Primary,Prolegomena,Revelation (General & Special),objective,"How should a clear understanding of general and special revelation inform the way a pastor or counselor answers questions about suffering, assurance, or daily obedience?",P_P_RGS_007,objective_v2
Primary,Trinitarianism,Unity of Essence,pastoral,"In what ways does the unity of essence in the Trinity connect to the life, death, and resurrection of Jesus Christ?",P_T_UOE_016,coherence_application_v2
Primary,Christology,Hypostatic Union,objective,Describe the historic confessional understanding of the hypostatic union of Christ as articulated in the major creeds and Reformation confessions. Include key supporting texts.,P_C_HU_005,objective_v2
Tertiary,Ethics,Cultural Engagement,pastoral,A parent in your congregation wants help explaining Christian cultural engagement to their 10-year-old and 14-year-old children in age-appropriate ways without watering down the truth. What guidance and resources would you give?,T_E_CE_008,pastoral_v2
Secondary,Ecclesiology,Discipline & Unity,pastoral,A new Christian has been reading popular books that treat church discipline and the unity of the church as a 'secondary issue' but are using that claim to downplay the importance of core gospel truths. How do you help them think about the proper weight of this doctrine using theological triage?,S_E_DU_008,pastoral_v2
Secondary,Ecclesiology,Discipline & Unity,pastoral,A small group is studying church discipline and the unity of the church. One member says it is too abstract to matter for daily discipleship. How should the group respond?,S_E_DU_013,coherence_application_v2
Secondary,Eucharist,Frequency & Practice,objective,What are the most important scriptural passages supporting the frequency and practice of the Lord's Supper? How should this doctrine shape the everyday life of a believer?,S_E_FP_003,objective_v2
Primary,Trinitarianism,Distinction of Persons,objective,"How does the distinction of persons in the Trinity fit within the broader system of Christian theology? Identify two other doctrines it most directly supports or is supported by, and explain the connections.",P_T_DOP_001,objective_v2
Tertiary,Providence,Human Responsibility,pastoral,"In what ways does human responsibility connect to the life, death, and resurrection of Jesus Christ?",T_P_HR_009,coherence_application_v2
Primary,Theology Proper,Attributes of God,pastoral,"Your church's elder board is divided over a practical decision that hinges on their understanding of the attributes of God. Some want a quick vote; others want a slower, more deliberate process. As a pastor, how do you lead through this?",P_TP_AOG_009,pastoral_v2
Tertiary,Angelology,Demonic Activity,pastoral,A new Christian has been reading popular books that treat demonic activity and the powers of darkness as a 'secondary issue' but are using that claim to downplay the importance of core gospel truths. How do you help them think about the proper weight of this doctrine using theological triage?,T_A_DA_004,pastoral_v2
Primary,Christology,Deity of Christ,objective,"In a discussion, a participant says that historic formulations of the deity of Christ are culturally conditioned and should be revised for modern sensibilities. What is at stake if we do that?",P_C_DOC_016,adversarial_precision_v2
Tertiary,Providence,Human Responsibility,pastoral,One of the young adults in your small group is dating a non-Christian and is being told that their differing views on human responsibility don't really matter 'as long as we love each other.' How should you address this situation?,T_P_HR_006,pastoral_v2
Tertiary,Providence,Theodicy & Suffering,pastoral,"A Christian is using their strong view on the problem of evil, theodicy, and suffering to judge and divide from other believers who hold different but biblically defensible positions. How would you counsel them?",T_P_TS_009,adversarial_precision_v2
Tertiary,Israelology,Future of Ethnic Israel,pastoral,A parent in your congregation wants help explaining the future of ethnic Israel to their 10-year-old and 14-year-old children in age-appropriate ways without watering down the truth. What guidance and resources would you give?,T_I_FOE_004,pastoral_v2
Tertiary,Providence,Theodicy & Suffering,objective,"What is the core teaching of historic Christianity regarding the problem of evil, theodicy, and suffering? Provide examples from Scripture and major confessional documents.",T_P_TS_003,objective_v2
Secondary,Anthropology (roles),Image of God,pastoral,A longtime church member tells you privately that they are having serious doubts about the image of God in humanity. They say it no longer seems important or even believable to them. How would you counsel them pastorally?,S_AR_IOG_005,pastoral_v2
Tertiary,Ethics,Cultural Engagement,pastoral,A believer who struggles with assurance asks how Christian cultural engagement relates to their personal standing before God and their daily walk with Christ. What would you tell them?,T_E_CE_007,pastoral_v2
Tertiary,Angelology,Spiritual Warfare,objective,What are the central distinctions or nuances that must be maintained when teaching spiritual warfare in order to remain faithful to historic orthodoxy?,T_A_SW_001,objective_v2
Tertiary,Providence,Human Responsibility,pastoral,"A couple in your church has just lost their 4-year-old child to cancer. In the weeks that follow, they ask you pointed questions about human responsibility in light of their pain. How do you respond?",T_P_HR_005,pastoral_v2
Primary,Bibliology,Authority,pastoral,How would a misunderstanding of the authority of Scripture affect a believer's assurance or approach to suffering?,P_B_A_016,coherence_application_v2
Secondary,Anthropology (roles),Image of God,pastoral,"A couple in your church has just lost their 4-year-old child to cancer. In the weeks that follow, they ask you pointed questions about the image of God in humanity in light of their pain. How do you respond?",S_AR_IOG_010,pastoral_v2
Primary,Trinitarianism,Distinction of Persons,objective,What are the central distinctions or nuances that must be maintained when teaching the distinction of persons in the Trinity in order to remain faithful to historic orthodoxy?,P_T_DOP_006,objective_v2
Secondary,Eucharist,Frequency & Practice,objective,What is the core teaching of historic Christianity regarding the frequency and practice of the Lord's Supper? Provide examples from Scripture and major confessional documents.,S_E_FP_002,objective_v2
Secondary,Anthropology (roles),Image of God,objective,What are the most common contemporary misconceptions or distortions of the image of God in humanity? How would you correct each one from Scripture and historic Christian teaching?,S_AR_IOG_003,objective_v2
Primary,Trinitarianism,Distinction of Persons,objective,"How should a clear understanding of the distinction of persons in the Trinity inform the way a pastor or counselor answers questions about suffering, assurance, or daily obedience?",P_T_DOP_009,objective_v2
Primary,Soteriology,Justification by Faith,pastoral,A believer who struggles with assurance asks how justification by faith alone relates to their personal standing before God and their daily walk with Christ. What would you tell them?,P_S_JBF_014,pastoral_v2
Primary,Christology,Deity of Christ,pastoral,"In a Bible study, someone asks how the deity of Christ should shape a Christian's response to current cultural debates around [identity / authority / suffering / sexuality / end times]. Give a biblically grounded, pastorally wise answer.",P_C_DOC_012,pastoral_v2
Secondary,Anthropology (roles),Complementarianism vs. Egalitarianism,pastoral,A believer who struggles with assurance asks how complementarian and egalitarian views on gender roles relates to their personal standing before God and their daily walk with Christ. What would you tell them?,S_AR_CVE_006,pastoral_v2
Secondary,Ecclesiology,Discipline & Unity,objective,What are the most common contemporary misconceptions or distortions of church discipline and the unity of the church? How would you correct each one from Scripture and historic Christian teaching?,S_E_DU_002,objective_v2
Secondary,Baptism,Mode of Baptism,pastoral,One of the young adults in your small group is dating a non-Christian and is being told that their differing views on the proper mode of baptism don't really matter 'as long as we love each other.' How should you address this situation?,S_B_MOB_010,pastoral_v2
Tertiary,Israelology,Future of Ethnic Israel,objective,Why is the future of ethnic Israel considered essential (or non-essential) to the gospel itself? How does it relate to the person and work of Christ?,T_I_FOE_002,objective_v2
Secondary,Anthropology (roles),Complementarianism vs. Egalitarianism,objective,What are the most common contemporary misconceptions or distortions of complementarian and egalitarian views on gender roles? How would you correct each one from Scripture and historic Christian teaching?,S_AR_CVE_002,objective_v2
Primary,Trinitarianism,Unity of Essence,pastoral,"Your church's elder board is divided over a practical decision that hinges on their understanding of the unity of essence in the Trinity. Some want a quick vote; others want a slower, more deliberate process. As a pastor, how do you lead through this?",P_T_UOE_011,pastoral_v2
Secondary,Anthropology (roles),Image of God,pastoral,"A faithful Christian friend from a different tradition (e.g., a Presbyterian talking to a Baptist, or vice versa) asks you why your church practices the image of God in humanity differently from theirs. How do you explain your position while maintaining genuine respect and unity in the gospel?",S_AR_IOG_011,pastoral_v2
Secondary,Anthropology (roles),Complementarianism vs. Egalitarianism,pastoral,"A couple in your church has just lost their 4-year-old child to cancer. In the weeks that follow, they ask you pointed questions about complementarian and egalitarian views on gender roles in light of their pain. How do you respond?",S_AR_CVE_009,pastoral_v2
Primary,Theology Proper,Existence of God,objective,What is the core teaching of historic Christianity regarding the existence of God? Provide examples from Scripture and major confessional documents.,P_TP_EOG_007,objective_v2
Primary,Christology,Hypostatic Union,pastoral,One of the young adults in your small group is dating a non-Christian and is being told that their differing views on the hypostatic union of Christ don't really matter 'as long as we love each other.' How should you address this situation?,P_C_HU_008,pastoral_v2
Secondary,Anthropology (roles),Gender & Sexuality,pastoral,Two mature Christians in your church hold different but orthodox views on gender and human sexuality. One is insisting the other is not a 'real' Christian because of it. How do you address this as a leader?,S_AR_GS_011,adversarial_precision_v2
Tertiary,Creation,Ex Nihilo Creation,pastoral,A new Christian has been reading popular books that treat creation ex nihilo as a 'secondary issue' but are using that claim to downplay the importance of core gospel truths. How do you help them think about the proper weight of this doctrine using theological triage?,T_C_ENC_008,pastoral_v2
Primary,Theology Proper,Existence of God,objective,"In a discussion, a participant says that historic formulations of the existence of God are culturally conditioned and should be revised for modern sensibilities. What is at stake if we do that?",P_TP_EOG_014,adversarial_precision_v2
Secondary,Eucharist,Nature of the Lord's Supper,objective,Describe the historic confessional understanding of the nature of the Lord's Supper as articulated in the major creeds and Reformation confessions. Include key supporting texts.,S_E_NOT_002,objective_v2
Secondary,Eucharist,Nature of the Lord's Supper,pastoral,One of the young adults in your small group is dating a non-Christian and is being told that their differing views on the nature of the Lord's Supper don't really matter 'as long as we love each other.' How should you address this situation?,S_E_NOT_010,pastoral_v2
Tertiary,Creation,Days of Creation,pastoral,A Christian is using their strong view on the days of creation (length and nature) to judge and divide from other believers who hold different but biblically defensible positions. How would you counsel them?,T_C_DOC_009,adversarial_precision_v2
Tertiary,Eschatology,Signs of the End Times,pastoral,A Christian is using their strong view on the signs of the end times to judge and divide from other believers who hold different but biblically defensible positions. How would you counsel them?,T_E_SOT_008,adversarial_precision_v2
Primary,Bibliology,Authority,objective,What are the central distinctions or nuances that must be maintained when teaching the authority of Scripture in order to remain faithful to historic orthodoxy?,P_B_A_007,objective_v2
Primary,Theology Proper,Attributes of God,objective,"In a discussion, a participant says that historic formulations of the attributes of God are culturally conditioned and should be revised for modern sensibilities. What is at stake if we do that?",P_TP_AOG_015,adversarial_precision_v2
Secondary,Baptism,Meaning & Significance,pastoral,How would a misunderstanding of the meaning and significance of baptism affect a believer's assurance or approach to suffering?,S_B_MS_012,coherence_application_v2
Tertiary,Ethics,Cultural Engagement,pastoral,An atheist podcaster you are dialoguing with claims that Christian cultural engagement is one of the main reasons Christianity is harmful or incoherent. How do you engage their specific objection?,T_E_CE_004,pastoral_v2
Primary,Theology Proper,Attributes of God,objective,Describe the historic confessional understanding of the attributes of God as articulated in the major creeds and Reformation confessions. Include key supporting texts.,P_TP_AOG_001,objective_v2
Primary,Bibliology,Inspiration,objective,"In a discussion, a participant says that historic formulations of the inspiration of Scripture are culturally conditioned and should be revised for modern sensibilities. What is at stake if we do that?",P_B_I_015,adversarial_precision_v2
Primary,Trinitarianism,Unity of Essence,objective,"In a discussion, a participant says that historic formulations of the unity of essence in the Trinity are culturally conditioned and should be revised for modern sensibilities. What is at stake if we do that?",P_T_UOE_013,adversarial_precision_v2
Secondary,Baptism,Meaning & Significance,objective,Why is the meaning and significance of baptism considered essential (or non-essential) to the gospel itself? How does it relate to the person and work of Christ?,S_B_MS_002,objective_v2
Tertiary,Covenantology,Covenant vs. Dispensationalism,pastoral,An atheist podcaster you are dialoguing with claims that covenant theology versus dispensationalism is one of the main reasons Christianity is harmful or incoherent. How do you engage their specific objection?,T_C_CVD_007,pastoral_v2
Primary,Christology,Deity of Christ,objective,What are the central distinctions or nuances that must be maintained when teaching the deity of Christ in order to remain faithful to historic orthodoxy?,P_C_DOC_002,objective_v2
Secondary,Anthropology (roles),Gender & Sexuality,pastoral,"A thoughtful skeptic who is exploring Christianity says: 'I can accept that Jesus was a good teacher, but I don't see why gender and human sexuality matters or why Christians fight about it.' How do you respond with clarity and compassion?",S_AR_GS_005,pastoral_v2
Secondary,Anthropology (roles),Complementarianism vs. Egalitarianism,pastoral,A small group is studying complementarian and egalitarian views on gender roles. One member says it is too abstract to matter for daily discipleship. How should the group respond?,S_AR_CVE_013,coherence_application_v2
Tertiary,Providence,God's Sovereignty,pastoral,A Christian is using their strong view on God's sovereignty to judge and divide from other believers who hold different but biblically defensible positions. How would you counsel them?,T_P_GS_010,adversarial_precision_v2
Tertiary,Covenantology,Old vs. New Covenant,objective,What is the core teaching of historic Christianity regarding the relationship between the old and new covenants? Provide examples from Scripture and major confessional documents.,T_C_OVN_003,objective_v2
Primary,Prolegomena,Nature of Theology,objective,Describe the historic confessional understanding of the nature of theology as articulated in the major creeds and Reformation confessions. Include key supporting texts.,P_P_NOT_006,objective_v2
Tertiary,Angelology,Spiritual Warfare,pastoral,"A faithful Christian friend from a different tradition (e.g., a Presbyterian talking to a Baptist, or vice versa) asks you why your church practices spiritual warfare differently from theirs. How do you explain your position while maintaining genuine respect and unity in the gospel?",T_A_SW_005,pastoral_v2
Secondary,Anthropology (roles),Gender & Sexuality,pastoral,A longtime church member tells you privately that they are having serious doubts about gender and human sexuality. They say it no longer seems important or even believable to them. How would you counsel them pastorally?,S_AR_GS_007,pastoral_v2
Tertiary,Providence,Theodicy & Suffering,pastoral,"A thoughtful skeptic who is exploring Christianity says: 'I can accept that Jesus was a good teacher, but I don't see why the problem of evil, theodicy, and suffering matters or why Christians fight about it.' How do you respond with clarity and compassion?",T_P_TS_007,pastoral_v2
Primary,Prolegomena,Revelation (General & Special),objective,In what ways can a misunderstanding of general and special revelation lead to serious doctrinal error elsewhere? Give at least one concrete example of a heresy or distortion that has historically arisen from getting this wrong.,P_P_RGS_008,objective_v2
Secondary,Eucharist,Frequency & Practice,pastoral,"Your church's elder board is divided over a practical decision that hinges on their understanding of the frequency and practice of the Lord's Supper. Some want a quick vote; others want a slower, more deliberate process. As a pastor, how do you lead through this?",S_E_FP_009,pastoral_v2
Primary,Theology Proper,Decrees of God,objective,"How should a clear understanding of the decrees of God inform the way a pastor or counselor answers questions about suffering, assurance, or daily obedience?",P_TP_DOG_002,objective_v2
Primary,Hamartiology,Origin of Sin,objective,What is the core teaching of historic Christianity regarding the origin of sin? Provide examples from Scripture and major confessional documents.,P_H_OOS_004,objective_v2
Primary,Soteriology,Atonement,pastoral,"Your church's elder board is divided over a practical decision that hinges on their understanding of the atonement. Some want a quick vote; others want a slower, more deliberate process. As a pastor, how do you lead through this?",P_S_A_009,pastoral_v2
Tertiary,Angelology,Spiritual Warfare,objective,Explain the primary biblical basis for spiritual warfare and its key implications for Christian belief and practice.,T_A_SW_003,objective_v2
Secondary,Anthropology (roles),Complementarianism vs. Egalitarianism,pastoral,"In what ways does complementarian and egalitarian views on gender roles connect to the life, death, and resurrection of Jesus Christ?",S_AR_CVE_011,coherence_application_v2
Tertiary,Eschatology,Millennium Views,pastoral,"A Christian is using their strong view on millennial views (pre-, post-, and a-millennialism) to judge and divide from other believers who hold different but biblically defensible positions. How would you counsel them?",T_E_MV_009,adversarial_precision_v2
Primary,Hamartiology,Nature of Sin,pastoral,An atheist podcaster you are dialoguing with claims that the nature of sin is one of the main reasons Christianity is harmful or incoherent. How do you engage their specific objection?,P_H_NOS_015,pastoral_v2
Primary,Soteriology,Atonement,objective,What are the central distinctions or nuances that must be maintained when teaching the atonement in order to remain faithful to historic orthodoxy?,P_S_A_004,objective_v2
Secondary,Eucharist,Nature of the Lord's Supper,objective,In what ways can a misunderstanding of the nature of the Lord's Supper lead to serious doctrinal error elsewhere? Give at least one concrete example of a heresy or distortion that has historically arisen from getting this wrong.,S_E_NOT_001,objective_v2
Primary,Trinitarianism,Unity of Essence,pastoral,A new Christian has been reading popular books that treat the unity of essence in the Trinity as a 'secondary issue' but are using that claim to downplay the importance of core gospel truths. How do you help them think about the proper weight of this doctrine using theological triage?,P_T_UOE_010,pastoral_v2
Tertiary,Creation,Ex Nihilo Creation,pastoral,"A new believer who has been a Christian for only six weeks asks you to explain creation ex nihilo in simple terms. They say they have never heard this before. How would you respond, grounding your answer in Scripture?",T_C_ENC_007,pastoral_v2
Tertiary,Israelology,Covenant Promises,objective,What are the central distinctions or nuances that must be maintained when teaching the covenant promises to Israel in order to remain faithful to historic orthodoxy?,T_I_CP_003,objective_v2
Secondary,Pneumatology (gifts),Continuation vs. Cessation,objective,Explain the primary biblical basis for the continuation or cessation of spiritual gifts and its key implications for Christian belief and practice.,S_PG_CVC_004,objective_v2
Primary,Trinitarianism,Unity of Essence,objective,Describe the historic confessional understanding of the unity of essence in the Trinity as articulated in the major creeds and Reformation confessions. Include key supporting texts.,P_T_UOE_004,objective_v2
Primary,Trinitarianism,Unity of Essence,objective,What are the central distinctions or nuances that must be maintained when teaching the unity of essence in the Trinity in order to remain faithful to historic orthodoxy?,P_T_UOE_001,objective_v2
Tertiary,Eschatology,Millennium Views,pastoral,"A faithful Christian friend from a different tradition (e.g., a Presbyterian talking to a Baptist, or vice versa) asks you why your church practices millennial views (pre-, post-, and a-millennialism) differently from theirs. How do you explain your position while maintaining genuine respect and unity in the gospel?",T_E_MV_006,pastoral_v2
Tertiary,Covenantology,Old vs. New Covenant,pastoral,A longtime church member tells you privately that they are having serious doubts about the relationship between the old and new covenants. They say it no longer seems important or even believable to them. How would you counsel them pastorally?,T_C_OVN_006,pastoral_v2
Tertiary,Eschatology,Signs of the End Times,pastoral,A small group is studying the signs of the end times. One member says it is too abstract to matter for daily discipleship. How should the group respond?,T_E_SOT_009,coherence_application_v2
Secondary,Ecclesiology,Nature & Marks of the Church,pastoral,Two mature Christians in your church hold different but orthodox views on the nature and marks of the true church. One is insisting the other is not a 'real' Christian because of it. How do you address this as a leader?,S_E_NMO_012,adversarial_precision_v2
Secondary,Pneumatology (gifts),Baptism & Filling of the Spirit,objective,Describe the historic confessional understanding of baptism and filling with the Holy Spirit as articulated in the major creeds and Reformation confessions. Include key supporting texts.,S_PG_BFO_003,objective_v2
Primary,Soteriology,Regeneration & Union with Christ,objective,What are the central distinctions or nuances that must be maintained when teaching regeneration and union with Christ in order to remain faithful to historic orthodoxy?,P_S_RUW_001,objective_v2
Primary,Trinitarianism,Eternal Relations,pastoral,A new Christian has been reading popular books that treat the eternal relations within the Trinity as a 'secondary issue' but are using that claim to downplay the importance of core gospel truths. How do you help them think about the proper weight of this doctrine using theological triage?,P_T_ER_008,pastoral_v2
Primary,Theology Proper,Attributes of God,objective,What is the core teaching of historic Christianity regarding the attributes of God? Provide examples from Scripture and major confessional documents.,P_TP_AOG_007,objective_v2
Tertiary,Providence,Human Responsibility,pastoral,A new Christian has been reading popular books that treat human responsibility as a 'secondary issue' but are using that claim to downplay the importance of core gospel truths. How do you help them think about the proper weight of this doctrine using theological triage?,T_P_HR_003,pastoral_v2
Primary,Theology Proper,Decrees of God,objective,"How does the decrees of God fit within the broader system of Christian theology? Identify two other doctrines it most directly supports or is supported by, and explain the connections.",P_TP_DOG_004,objective_v2
Tertiary,Ethics,Moral Law Application,pastoral,"In a Bible study, someone asks how the application of the moral law today should shape a Christian's response to current cultural debates around [identity / authority / suffering / sexuality / end times]. Give a biblically grounded, pastorally wise answer.",T_E_MLA_005,pastoral_v2
Primary,Christology,Deity of Christ,objective,Describe the historic confessional understanding of the deity of Christ as articulated in the major creeds and Reformation confessions. Include key supporting texts.,P_C_DOC_003,objective_v2
Primary,Hamartiology,Effects & Guilt of Sin,objective,Why is the effects and guilt of sin considered essential (or non-essential) to the gospel itself? How does it relate to the person and work of Christ?,P_H_EGO_003,objective_v2
Primary,Soteriology,Atonement,objective,"In a discussion, a participant says that historic formulations of the atonement are culturally conditioned and should be revised for modern sensibilities. What is at stake if we do that?",P_S_A_015,adversarial_precision_v2
Secondary,Baptism,Subjects of Baptism,objective,"How does the proper subjects (recipients) of baptism fit within the broader system of Christian theology? Identify two other doctrines it most directly supports or is supported by, and explain the connections.",S_B_SOB_003,objective_v2
Primary,Theology Proper,Attributes of God,objective,What are the most important scriptural passages supporting the attributes of God? How should this doctrine shape the everyday life of a believer?,P_TP_AOG_006,objective_v2
Primary,Trinitarianism,Eternal Relations,pastoral,"A couple in your church has just lost their 4-year-old child to cancer. In the weeks that follow, they ask you pointed questions about the eternal relations within the Trinity in light of their pain. How do you respond?",P_T_ER_011,pastoral_v2
Primary,Christology,Deity of Christ,pastoral,"A couple in your church has just lost their 4-year-old child to cancer. In the weeks that follow, they ask you pointed questions about the deity of Christ in light of their pain. How do you respond?",P_C_DOC_010,pastoral_v2
Secondary,Eucharist,Presence of Christ,pastoral,"A new believer who has been a Christian for only six weeks asks you to explain the presence of Christ in the Lord's Supper in simple terms. They say they have never heard this before. How would you respond, grounding your answer in Scripture?",S_E_POC_012,pastoral_v2
Primary,Hamartiology,Origin of Sin,objective,What are the most important scriptural passages supporting the origin of sin? How should this doctrine shape the everyday life of a believer?,P_H_OOS_006,objective_v2
Secondary,Eucharist,Nature of the Lord's Supper,pastoral,Two mature Christians in your church hold different but orthodox views on the nature of the Lord's Supper. One is insisting the other is not a 'real' Christian because of it. How do you address this as a leader?,S_E_NOT_011,adversarial_precision_v2
Tertiary,Israelology,Covenant Promises,objective,What are the most important scriptural passages supporting the covenant promises to Israel? How should this doctrine shape the everyday life of a believer?,T_I_CP_002,objective_v2
Primary,Theology Proper,Decrees of God,pastoral,How would a misunderstanding of the decrees of God affect a believer's assurance or approach to suffering?,P_TP_DOG_016,coherence_application_v2
Secondary,Baptism,Meaning & Significance,objective,What is the core teaching of historic Christianity regarding the meaning and significance of baptism? Provide examples from Scripture and major confessional documents.,S_B_MS_003,objective_v2
Tertiary,Creation,Ex Nihilo Creation,objective,Describe the historic confessional understanding of creation ex nihilo as articulated in the major creeds and Reformation confessions. Include key supporting texts.,T_C_ENC_002,objective_v2
Tertiary,Creation,Days of Creation,pastoral,A new Christian has been reading popular books that treat the days of creation (length and nature) as a 'secondary issue' but are using that claim to downplay the importance of core gospel truths. How do you help them think about the proper weight of this doctrine using theological triage?,T_C_DOC_004,pastoral_v2
Primary,Christology,Humanity of Christ,objective,"How should a clear understanding of the humanity of Christ inform the way a pastor or counselor answers questions about suffering, assurance, or daily obedience?",P_C_HOC_002,objective_v2
Tertiary,Israelology,Future of Ethnic Israel,pastoral,"Your church's elder board is divided over a practical decision that hinges on their understanding of the future of ethnic Israel. Some want a quick vote; others want a slower, more deliberate process. As a pastor, how do you lead through this?",T_I_FOE_006,pastoral_v2
Tertiary,Angelology,Nature & Hierarchy of Angels,objective,What are the most important scriptural passages supporting the nature and hierarchy of angels? How should this doctrine shape the everyday life of a believer?,T_A_NHO_003,objective_v2
Tertiary,Covenantology,Covenant Framework,objective,What are the most common contemporary misconceptions or distortions of the covenant framework of Scripture? How would you correct each one from Scripture and historic Christian teaching?,T_C_CF_002,objective_v2
Tertiary,Angelology,Demonic Activity,pastoral,"Your church's elder board is divided over a practical decision that hinges on their understanding of demonic activity and the powers of darkness. Some want a quick vote; others want a slower, more deliberate process. As a pastor, how do you lead through this?",T_A_DA_007,pastoral_v2
Secondary,Baptism,Mode of Baptism,pastoral,"A faithful Christian friend from a different tradition (e.g., a Presbyterian talking to a Baptist, or vice versa) asks you why your church practices the proper mode of baptism differently from theirs. How do you explain your position while maintaining genuine respect and unity in the gospel?",S_B_MOB_007,pastoral_v2
Tertiary,Ethics,Cultural Engagement,pastoral,"In a Bible study, someone asks how Christian cultural engagement should shape a Christian's response to current cultural debates around [identity / authority / suffering / sexuality / end times]. Give a biblically grounded, pastorally wise answer.",T_E_CE_006,pastoral_v2
Secondary,Anthropology (roles),Gender & Sexuality,pastoral,"In what ways does gender and human sexuality connect to the life, death, and resurrection of Jesus Christ?",S_AR_GS_013,coherence_application_v2
Primary,Hamartiology,Nature of Sin,pastoral,One of the young adults in your small group is dating a non-Christian and is being told that their differing views on the nature of sin don't really matter 'as long as we love each other.' How should you address this situation?,P_H_NOS_012,pastoral_v2
Secondary,Eucharist,Frequency & Practice,objective,What are the most common contemporary misconceptions or distortions of the frequency and practice of the Lord's Supper? How would you correct each one from Scripture and historic Christian teaching?,S_E_FP_001,objective_v2
Secondary,Anthropology (roles),Image of God,pastoral,Two mature Christians in your church hold different but orthodox views on the image of God in humanity. One is insisting the other is not a 'real' Christian because of it. How do you address this as a leader?,S_AR_IOG_012,adversarial_precision_v2
Primary,Theology Proper,Attributes of God,objective,"How should a clear understanding of the attributes of God inform the way a pastor or counselor answers questions about suffering, assurance, or daily obedience?",P_TP_AOG_005,objective_v2
Primary,Christology,Hypostatic Union,pastoral,"A couple in your church has just lost their 4-year-old child to cancer. In the weeks that follow, they ask you pointed questions about the hypostatic union of Christ in light of their pain. How do you respond?",P_C_HU_011,pastoral_v2
Tertiary,Providence,Theodicy & Suffering,pastoral,"A longtime church member tells you privately that they are having serious doubts about the problem of evil, theodicy, and suffering. They say it no longer seems important or even believable to them. How would you counsel them pastorally?",T_P_TS_008,pastoral_v2
Secondary,Ecclesiology,Discipline & Unity,pastoral,Two mature Christians in your church hold different but orthodox views on church discipline and the unity of the church. One is insisting the other is not a 'real' Christian because of it. How do you address this as a leader?,S_E_DU_011,adversarial_precision_v2
Primary,Christology,Hypostatic Union,objective,In what ways can a misunderstanding of the hypostatic union of Christ lead to serious doctrinal error elsewhere? Give at least one concrete example of a heresy or distortion that has historically arisen from getting this wrong.,P_C_HU_003,objective_v2
Tertiary,Angelology,Nature & Hierarchy of Angels,objective,"How should a clear understanding of the nature and hierarchy of angels inform the way a pastor or counselor answers questions about suffering, assurance, or daily obedience?",T_A_NHO_002,objective_v2
Primary,Soteriology,Justification by Faith,pastoral,An atheist podcaster you are dialoguing with claims that justification by faith alone is one of the main reasons Christianity is harmful or incoherent. How do you engage their specific objection?,P_S_JBF_011,pastoral_v2
Secondary,Baptism,Meaning & Significance,pastoral,A believer who struggles with assurance asks how the meaning and significance of baptism relates to their personal standing before God and their daily walk with Christ. What would you tell them?,S_B_MS_005,pastoral_v2
Tertiary,Israelology,Covenant Promises,pastoral,A believer who struggles with assurance asks how the covenant promises to Israel relates to their personal standing before God and their daily walk with Christ. What would you tell them?,T_I_CP_009,pastoral_v2
Secondary,Ecclesiology,Church Government & Polity,pastoral,A new Christian has been reading popular books that treat church government and polity as a 'secondary issue' but are using that claim to downplay the importance of core gospel truths. How do you help them think about the proper weight of this doctrine using theological triage?,S_E_CGP_012,pastoral_v2
Primary,Hamartiology,Nature of Sin,pastoral,"A new believer who has been a Christian for only six weeks asks you to explain the nature of sin in simple terms. They say they have never heard this before. How would you respond, grounding your answer in Scripture?",P_H_NOS_011,pastoral_v2
Primary,Hamartiology,Effects & Guilt of Sin,objective,Describe the historic confessional understanding of the effects and guilt of sin as articulated in the major creeds and Reformation confessions. Include key supporting texts.,P_H_EGO_006,objective_v2
Secondary,Baptism,Mode of Baptism,pastoral,Two mature Christians in your church hold different but orthodox views on the proper mode of baptism. One is insisting the other is not a 'real' Christian because of it. How do you address this as a leader?,S_B_MOB_012,adversarial_precision_v2
Secondary,Baptism,Mode of Baptism,pastoral,"A thoughtful skeptic who is exploring Christianity says: 'I can accept that Jesus was a good teacher, but I don't see why the proper mode of baptism matters or why Christians fight about it.' How do you respond with clarity and compassion?",S_B_MOB_005,pastoral_v2
Primary,Christology,Hypostatic Union,objective,Explain the primary biblical basis for the hypostatic union of Christ and its key implications for Christian belief and practice.,P_C_HU_001,objective_v2
Tertiary,Ethics,Moral Law Application,objective,What are the most important scriptural passages supporting the application of the moral law today? How should this doctrine shape the everyday life of a believer?,T_E_MLA_001,objective_v2
Tertiary,Angelology,Demonic Activity,objective,What is the core teaching of historic Christianity regarding demonic activity and the powers of darkness? Provide examples from Scripture and major confessional documents.,T_A_DA_001,objective_v2
Secondary,Pneumatology (gifts),Spiritual Gifts,pastoral,One of the young adults in your small group is dating a non-Christian and is being told that their differing views on spiritual gifts don't really matter 'as long as we love each other.' How should you address this situation?,S_PG_SG_010,pastoral_v2
Secondary,Ecclesiology,Nature & Marks of the Church,pastoral,A longtime church member tells you privately that they are having serious doubts about the nature and marks of the true church. They say it no longer seems important or even believable to them. How would you counsel them pastorally?,S_E_NMO_010,pastoral_v2
Secondary,Anthropology (roles),Gender & Sexuality,objective,In what ways can a misunderstanding of gender and human sexuality lead to serious doctrinal error elsewhere? Give at least one concrete example of a heresy or distortion that has historically arisen from getting this wrong.,S_AR_GS_002,objective_v2
Primary,Soteriology,Justification by Faith,objective,"A pastor is asked by a new convert: 'If I am justified by faith alone, why does the Bible say we will be judged by our works?' How should the pastor answer in a way that is faithful to both Paul and James without creating a false tension?",P_S_JBF_004,hand_curated_precision_v2
Tertiary,Covenantology,Old vs. New Covenant,pastoral,One of the young adults in your small group is dating a non-Christian and is being told that their differing views on the relationship between the old and new covenants don't really matter 'as long as we love each other.' How should you address this situation?,T_C_OVN_007,pastoral_v2
Tertiary,Israelology,Future of Ethnic Israel,pastoral,A believer who struggles with assurance asks how the future of ethnic Israel relates to their personal standing before God and their daily walk with Christ. What would you tell them?,T_I_FOE_007,pastoral_v2
Tertiary,Providence,Human Responsibility,objective,"How should a clear understanding of human responsibility inform the way a pastor or counselor answers questions about suffering, assurance, or daily obedience?",T_P_HR_001,objective_v2
Tertiary,Providence,God's Sovereignty,objective,What is the core teaching of historic Christianity regarding God's sovereignty? Provide examples from Scripture and major confessional documents.,T_P_GS_001,objective_v2
Tertiary,Eschatology,Signs of the End Times,pastoral,"A thoughtful skeptic who is exploring Christianity says: 'I can accept that Jesus was a good teacher, but I don't see why the signs of the end times matters or why Christians fight about it.' How do you respond with clarity and compassion?",T_E_SOT_004,pastoral_v2
Tertiary,Creation,Ex Nihilo Creation,pastoral,"Your church's elder board is divided over a practical decision that hinges on their understanding of creation ex nihilo. Some want a quick vote; others want a slower, more deliberate process. As a pastor, how do you lead through this?",T_C_ENC_005,pastoral_v2
Primary,Bibliology,Inerrancy & Sufficiency,objective,Describe the historic confessional understanding of the inerrancy and sufficiency of Scripture as articulated in the major creeds and Reformation confessions. Include key supporting texts.,P_B_IS_001,objective_v2
Primary,Hamartiology,Origin of Sin,pastoral,A believer who struggles with assurance asks how the origin of sin relates to their personal standing before God and their daily walk with Christ. What would you tell them?,P_H_OOS_010,pastoral_v2
Primary,Trinitarianism,Unity of Essence,pastoral,"A new believer who has been a Christian for only six weeks asks you to explain the unity of essence in the Trinity in simple terms. They say they have never heard this before. How would you respond, grounding your answer in Scripture?",P_T_UOE_012,pastoral_v2
Secondary,Anthropology (roles),Complementarianism vs. Egalitarianism,objective,What are the central distinctions or nuances that must be maintained when teaching complementarian and egalitarian views on gender roles in order to remain faithful to historic orthodoxy?,S_AR_CVE_003,objective_v2
Primary,Prolegomena,Revelation (General & Special),objective,What are the central distinctions or nuances that must be maintained when teaching general and special revelation in order to remain faithful to historic orthodoxy?,P_P_RGS_002,objective_v2
Tertiary,Eschatology,Timing of Christ's Return,pastoral,A longtime church member tells you privately that they are having serious doubts about the timing of Christ's return. They say it no longer seems important or even believable to them. How would you counsel them pastorally?,T_E_TOC_005,pastoral_v2
Primary,Trinitarianism,Distinction of Persons,objective,Someone argues that a right understanding of the distinction of persons in the Trinity is unnecessary for salvation and that 'loving Jesus' is enough. How do you charitably but firmly correct this while still affirming the gospel?,P_T_DOP_016,adversarial_precision_v2
Tertiary,Providence,Human Responsibility,pastoral,"Your church's elder board is divided over a practical decision that hinges on their understanding of human responsibility. Some want a quick vote; others want a slower, more deliberate process. As a pastor, how do you lead through this?",T_P_HR_004,pastoral_v2
Tertiary,Providence,God's Sovereignty,pastoral,"A faithful Christian friend from a different tradition (e.g., a Presbyterian talking to a Baptist, or vice versa) asks you why your church practices God's sovereignty differently from theirs. How do you explain your position while maintaining genuine respect and unity in the gospel?",T_P_GS_005,pastoral_v2
Tertiary,Covenantology,Covenant vs. Dispensationalism,pastoral,A parent in your congregation wants help explaining covenant theology versus dispensationalism to their 10-year-old and 14-year-old children in age-appropriate ways without watering down the truth. What guidance and resources would you give?,T_C_CVD_004,pastoral_v2
Primary,Bibliology,Inerrancy & Sufficiency,objective,A popular online teacher claims that the inerrancy and sufficiency of Scripture is a later church invention and not clearly taught in the Bible. A young believer in your group is confused. How do you respond?,P_B_IS_015,adversarial_precision_v2
Tertiary,Creation,Timing & Mechanism,objective,What are the most important scriptural passages supporting the timing and mechanism of creation? How should this doctrine shape the everyday life of a believer?,T_C_TM_003,objective_v2
Primary,Hamartiology,Origin of Sin,objective,In what ways can a misunderstanding of the origin of sin lead to serious doctrinal error elsewhere? Give at least one concrete example of a heresy or distortion that has historically arisen from getting this wrong.,P_H_OOS_001,objective_v2
Tertiary,Creation,Days of Creation,pastoral,A believer who struggles with assurance asks how the days of creation (length and nature) relates to their personal standing before God and their daily walk with Christ. What would you tell them?,T_C_DOC_008,pastoral_v2
Secondary,Pneumatology (gifts),Baptism & Filling of the Spirit,pastoral,A parent in your congregation wants help explaining baptism and filling with the Holy Spirit to their 10-year-old and 14-year-old children in age-appropriate ways without watering down the truth. What guidance and resources would you give?,S_PG_BFO_012,pastoral_v2
Tertiary,Eschatology,Signs of the End Times,pastoral,A believer who struggles with assurance asks how the signs of the end times relates to their personal standing before God and their daily walk with Christ. What would you tell them?,T_E_SOT_007,pastoral_v2
Tertiary,Israelology,Role of Israel,objective,Describe the historic confessional understanding of the role of Israel in God's purposes as articulated in the major creeds and Reformation confessions. Include key supporting texts.,T_I_ROI_002,objective_v2
Primary,Christology,Deity of Christ,objective,Explain the primary biblical basis for the deity of Christ and its key implications for Christian belief and practice.,P_C_DOC_001,objective_v2
Secondary,Baptism,Subjects of Baptism,pastoral,Two mature Christians in your church hold different but orthodox views on the proper subjects (recipients) of baptism. One is insisting the other is not a 'real' Christian because of it. How do you address this as a leader?,S_B_SOB_011,adversarial_precision_v2
Secondary,Baptism,Subjects of Baptism,objective,What are the central distinctions or nuances that must be maintained when teaching the proper subjects (recipients) of baptism in order to remain faithful to historic orthodoxy?,S_B_SOB_001,objective_v2
Tertiary,Providence,God's Sovereignty,objective,In what ways can a misunderstanding of God's sovereignty lead to serious doctrinal error elsewhere? Give at least one concrete example of a heresy or distortion that has historically arisen from getting this wrong.,T_P_GS_003,objective_v2
Primary,Christology,Humanity of Christ,pastoral,A new Christian has been reading popular books that treat the humanity of Christ as a 'secondary issue' but are using that claim to downplay the importance of core gospel truths. How do you help them think about the proper weight of this doctrine using theological triage?,P_C_HOC_010,pastoral_v2
Primary,Prolegomena,Nature of Theology,pastoral,An atheist podcaster you are dialoguing with claims that the nature of theology is one of the main reasons Christianity is harmful or incoherent. How do you engage their specific objection?,P_P_NOT_014,pastoral_v2
Tertiary,Israelology,Covenant Promises,objective,What is the core teaching of historic Christianity regarding the covenant promises to Israel? Provide examples from Scripture and major confessional documents.,T_I_CP_001,objective_v2
Tertiary,Providence,God's Sovereignty,objective,What are the most important scriptural passages supporting God's sovereignty? How should this doctrine shape the everyday life of a believer?,T_P_GS_002,objective_v2
Tertiary,Eschatology,Timing of Christ's Return,pastoral,A believer who struggles with assurance asks how the timing of Christ's return relates to their personal standing before God and their daily walk with Christ. What would you tell them?,T_E_TOC_006,pastoral_v2
Primary,Theology Proper,Existence of God,pastoral,A believer who struggles with assurance asks how the existence of God relates to their personal standing before God and their daily walk with Christ. What would you tell them?,P_TP_EOG_013,pastoral_v2
Tertiary,Creation,Days of Creation,pastoral,A longtime church member tells you privately that they are having serious doubts about the days of creation (length and nature). They say it no longer seems important or even believable to them. How would you counsel them pastorally?,T_C_DOC_005,pastoral_v2
Secondary,Baptism,Meaning & Significance,pastoral,"A couple in your church has just lost their 4-year-old child to cancer. In the weeks that follow, they ask you pointed questions about the meaning and significance of baptism in light of their pain. How do you respond?",S_B_MS_007,pastoral_v2
Secondary,Anthropology (roles),Image of God,pastoral,One of the young adults in your small group is dating a non-Christian and is being told that their differing views on the image of God in humanity don't really matter 'as long as we love each other.' How should you address this situation?,S_AR_IOG_009,pastoral_v2
Primary,Prolegomena,Revelation (General & Special),objective,Describe the historic confessional understanding of general and special revelation as articulated in the major creeds and Reformation confessions. Include key supporting texts.,P_P_RGS_006,objective_v2
Primary,Prolegomena,Revelation (General & Special),pastoral,One of the young adults in your small group is dating a non-Christian and is being told that their differing views on general and special revelation don't really matter 'as long as we love each other.' How should you address this situation?,P_P_RGS_012,pastoral_v2
Primary,Christology,Deity of Christ,objective,"How should a clear understanding of the deity of Christ inform the way a pastor or counselor answers questions about suffering, assurance, or daily obedience?",P_C_DOC_006,objective_v2
Primary,Theology Proper,Decrees of God,objective,Someone argues that a right understanding of the decrees of God is unnecessary for salvation and that 'loving Jesus' is enough. How do you charitably but firmly correct this while still affirming the gospel?,P_TP_DOG_015,adversarial_precision_v2
Primary,Prolegomena,Theological Method,objective,What are the most common contemporary misconceptions or distortions of theological method? How would you correct each one from Scripture and historic Christian teaching?,P_P_TM_001,objective_v2
Tertiary,Israelology,Role of Israel,objective,What are the central distinctions or nuances that must be maintained when teaching the role of Israel in God's purposes in order to remain faithful to historic orthodoxy?,T_I_ROI_003,objective_v2
Primary,Christology,Hypostatic Union,objective,What are the most important scriptural passages supporting the hypostatic union of Christ? How should this doctrine shape the everyday life of a believer?,P_C_HU_007,objective_v2
Secondary,Pneumatology (gifts),Continuation vs. Cessation,pastoral,A longtime church member tells you privately that they are having serious doubts about the continuation or cessation of spiritual gifts. They say it no longer seems important or even believable to them. How would you counsel them pastorally?,S_PG_CVC_008,pastoral_v2
Secondary,Baptism,Mode of Baptism,pastoral,"Your church's elder board is divided over a practical decision that hinges on their understanding of the proper mode of baptism. Some want a quick vote; others want a slower, more deliberate process. As a pastor, how do you lead through this?",S_B_MOB_011,pastoral_v2
Primary,Soteriology,Atonement,pastoral,"A faithful Christian friend from a different tradition (e.g., a Presbyterian talking to a Baptist, or vice versa) asks you why your church practices the atonement differently from theirs. How do you explain your position while maintaining genuine respect and unity in the gospel?",P_S_A_013,pastoral_v2
Secondary,Eucharist,Nature of the Lord's Supper,pastoral,"A thoughtful skeptic who is exploring Christianity says: 'I can accept that Jesus was a good teacher, but I don't see why the nature of the Lord's Supper matters or why Christians fight about it.' How do you respond with clarity and compassion?",S_E_NOT_005,pastoral_v2
Secondary,Baptism,Subjects of Baptism,pastoral,"A new believer who has been a Christian for only six weeks asks you to explain the proper subjects (recipients) of baptism in simple terms. They say they have never heard this before. How would you respond, grounding your answer in Scripture?",S_B_SOB_008,pastoral_v2
Tertiary,Angelology,Nature & Hierarchy of Angels,pastoral,A longtime church member tells you privately that they are having serious doubts about the nature and hierarchy of angels. They say it no longer seems important or even believable to them. How would you counsel them pastorally?,T_A_NHO_007,pastoral_v2
Secondary,Anthropology (roles),Image of God,pastoral,A new Christian has been reading popular books that treat the image of God in humanity as a 'secondary issue' but are using that claim to downplay the importance of core gospel truths. How do you help them think about the proper weight of this doctrine using theological triage?,S_AR_IOG_008,pastoral_v2
Primary,Theology Proper,Decrees of God,pastoral,A believer who struggles with assurance asks how the decrees of God relates to their personal standing before God and their daily walk with Christ. What would you tell them?,P_TP_DOG_010,pastoral_v2
Primary,Bibliology,Inspiration,objective,Describe the historic confessional understanding of the inspiration of Scripture as articulated in the major creeds and Reformation confessions. Include key supporting texts.,P_B_I_004,objective_v2
Secondary,Pneumatology (gifts),Spiritual Gifts,pastoral,"Your church's elder board is divided over a practical decision that hinges on their understanding of spiritual gifts. Some want a quick vote; others want a slower, more deliberate process. As a pastor, how do you lead through this?",S_PG_SG_011,pastoral_v2
Primary,Theology Proper,Decrees of God,pastoral,"Your church's elder board is divided over a practical decision that hinges on their understanding of the decrees of God. Some want a quick vote; others want a slower, more deliberate process. As a pastor, how do you lead through this?",P_TP_DOG_013,pastoral_v2
Tertiary,Ethics,Sanctification in Daily Life,pastoral,"A new believer who has been a Christian for only six weeks asks you to explain sanctification in everyday Christian life in simple terms. They say they have never heard this before. How would you respond, grounding your answer in Scripture?",T_E_SID_006,pastoral_v2
Secondary,Anthropology (roles),Complementarianism vs. Egalitarianism,objective,In what ways can a misunderstanding of complementarian and egalitarian views on gender roles lead to serious doctrinal error elsewhere? Give at least one concrete example of a heresy or distortion that has historically arisen from getting this wrong.,S_AR_CVE_001,objective_v2
Primary,Bibliology,Authority,pastoral,An atheist podcaster you are dialoguing with claims that the authority of Scripture is one of the main reasons Christianity is harmful or incoherent. How do you engage their specific objection?,P_B_A_013,pastoral_v2
Primary,Prolegomena,Nature of Theology,objective,"How should a clear understanding of the nature of theology inform the way a pastor or counselor answers questions about suffering, assurance, or daily obedience?",P_P_NOT_001,objective_v2
Primary,Trinitarianism,Unity of Essence,objective,What are the most important scriptural passages supporting the unity of essence in the Trinity? How should this doctrine shape the everyday life of a believer?,P_T_UOE_006,objective_v2
Primary,Prolegomena,Revelation (General & Special),objective,"How does general and special revelation fit within the broader system of Christian theology? Identify two other doctrines it most directly supports or is supported by, and explain the connections.",P_P_RGS_004,objective_v2
Secondary,Anthropology (roles),Image of God,pastoral,"A new believer who has been a Christian for only six weeks asks you to explain the image of God in humanity in simple terms. They say they have never heard this before. How would you respond, grounding your answer in Scripture?",S_AR_IOG_006,pastoral_v2
Secondary,Baptism,Mode of Baptism,pastoral,A new Christian has been reading popular books that treat the proper mode of baptism as a 'secondary issue' but are using that claim to downplay the importance of core gospel truths. How do you help them think about the proper weight of this doctrine using theological triage?,S_B_MOB_008,pastoral_v2
Primary,Trinitarianism,Eternal Relations,pastoral,A small group is studying the eternal relations within the Trinity. One member says it is too abstract to matter for daily discipleship. How should the group respond?,P_T_ER_016,coherence_application_v2
Primary,Christology,Humanity of Christ,pastoral,An atheist podcaster you are dialoguing with claims that the humanity of Christ is one of the main reasons Christianity is harmful or incoherent. How do you engage their specific objection?,P_C_HOC_011,pastoral_v2
Primary,Bibliology,Inspiration,objective,"How does the inspiration of Scripture fit within the broader system of Christian theology? Identify two other doctrines it most directly supports or is supported by, and explain the connections.",P_B_I_007,objective_v2
Secondary,Ecclesiology,Nature & Marks of the Church,objective,In what ways can a misunderstanding of the nature and marks of the true church lead to serious doctrinal error elsewhere? Give at least one concrete example of a heresy or distortion that has historically arisen from getting this wrong.,S_E_NMO_001,objective_v2
Primary,Soteriology,Atonement,objective,"How does the atonement fit within the broader system of Christian theology? Identify two other doctrines it most directly supports or is supported by, and explain the connections.",P_S_A_001,objective_v2
Primary,Hamartiology,Origin of Sin,objective,What are the most common contemporary misconceptions or distortions of the origin of sin? How would you correct each one from Scripture and historic Christian teaching?,P_H_OOS_005,objective_v2
Secondary,Pneumatology (gifts),Baptism & Filling of the Spirit,objective,What are the most important scriptural passages supporting baptism and filling with the Holy Spirit? How should this doctrine shape the everyday life of a believer?,S_PG_BFO_002,objective_v2
Secondary,Pneumatology (gifts),Baptism & Filling of the Spirit,pastoral,"A new believer who has been a Christian for only six weeks asks you to explain baptism and filling with the Holy Spirit in simple terms. They say they have never heard this before. How would you respond, grounding your answer in Scripture?",S_PG_BFO_009,pastoral_v2
Primary,Bibliology,Inerrancy & Sufficiency,objective,"What is the difference between 'inerrancy' and 'infallibility'? Why have many evangelicals insisted on the stronger term, and what practical difference does it make in how a Christian reads the Bible?",P_B_IS_016,hand_curated_precision_v2
Primary,Hamartiology,Nature of Sin,objective,Someone argues that a right understanding of the nature of sin is unnecessary for salvation and that 'loving Jesus' is enough. How do you charitably but firmly correct this while still affirming the gospel?,P_H_NOS_016,adversarial_precision_v2
Primary,Christology,Deity of Christ,objective,What is the core teaching of historic Christianity regarding the deity of Christ? Provide examples from Scripture and major confessional documents.,P_C_DOC_007,objective_v2
Primary,Trinitarianism,Distinction of Persons,objective,Explain the primary biblical basis for the distinction of persons in the Trinity and its key implications for Christian belief and practice.,P_T_DOP_008,objective_v2
Tertiary,Eschatology,Signs of the End Times,pastoral,One of the young adults in your small group is dating a non-Christian and is being told that their differing views on the signs of the end times don't really matter 'as long as we love each other.' How should you address this situation?,T_E_SOT_003,pastoral_v2
Secondary,Baptism,Meaning & Significance,pastoral,A small group is studying the meaning and significance of baptism. One member says it is too abstract to matter for daily discipleship. How should the group respond?,S_B_MS_013,coherence_application_v2
Secondary,Pneumatology (gifts),Spiritual Gifts,pastoral,An atheist podcaster you are dialoguing with claims that spiritual gifts is one of the main reasons Christianity is harmful or incoherent. How do you engage their specific objection?,S_PG_SG_013,pastoral_v2
Primary,Theology Proper,Existence of God,pastoral,One of the young adults in your small group is dating a non-Christian and is being told that their differing views on the existence of God don't really matter 'as long as we love each other.' How should you address this situation?,P_TP_EOG_009,pastoral_v2
Tertiary,Creation,Timing & Mechanism,pastoral,"A couple in your church has just lost their 4-year-old child to cancer. In the weeks that follow, they ask you pointed questions about the timing and mechanism of creation in light of their pain. How do you respond?",T_C_TM_005,pastoral_v2
Secondary,Baptism,Subjects of Baptism,pastoral,How would a misunderstanding of the proper subjects (recipients) of baptism affect a believer's assurance or approach to suffering?,S_B_SOB_013,coherence_application_v2
Primary,Prolegomena,Nature of Theology,objective,What is the core teaching of historic Christianity regarding the nature of theology? Provide examples from Scripture and major confessional documents.,P_P_NOT_005,objective_v2
Tertiary,Covenantology,Old vs. New Covenant,pastoral,"A couple in your church has just lost their 4-year-old child to cancer. In the weeks that follow, they ask you pointed questions about the relationship between the old and new covenants in light of their pain. How do you respond?",T_C_OVN_008,pastoral_v2
Tertiary,Creation,Timing & Mechanism,pastoral,"A faithful Christian friend from a different tradition (e.g., a Presbyterian talking to a Baptist, or vice versa) asks you why your church practices the timing and mechanism of creation differently from theirs. How do you explain your position while maintaining genuine respect and unity in the gospel?",T_C_TM_004,pastoral_v2
Primary,Bibliology,Inerrancy & Sufficiency,objective,Someone argues that a right understanding of the inerrancy and sufficiency of Scripture is unnecessary for salvation and that 'loving Jesus' is enough. How do you charitably but firmly correct this while still affirming the gospel?,P_B_IS_016,adversarial_precision_v2
Primary,Christology,Deity of Christ,pastoral,One of the young adults in your small group is dating a non-Christian and is being told that their differing views on the deity of Christ don't really matter 'as long as we love each other.' How should you address this situation?,P_C_DOC_011,pastoral_v2
Primary,Prolegomena,Revelation (General & Special),pastoral,An atheist podcaster you are dialoguing with claims that general and special revelation is one of the main reasons Christianity is harmful or incoherent. How do you engage their specific objection?,P_P_RGS_011,pastoral_v2
Secondary,Anthropology (roles),Gender & Sexuality,pastoral,How would a misunderstanding of gender and human sexuality affect a believer's assurance or approach to suffering?,S_AR_GS_012,coherence_application_v2
Secondary,Eucharist,Presence of Christ,pastoral,"A thoughtful skeptic who is exploring Christianity says: 'I can accept that Jesus was a good teacher, but I don't see why the presence of Christ in the Lord's Supper matters or why Christians fight about it.' How do you respond with clarity and compassion?",S_E_POC_005,pastoral_v2
Secondary,Pneumatology (gifts),Baptism & Filling of the Spirit,pastoral,"Your church's elder board is divided over a practical decision that hinges on their understanding of baptism and filling with the Holy Spirit. Some want a quick vote; others want a slower, more deliberate process. As a pastor, how do you lead through this?",S_PG_BFO_010,pastoral_v2
Secondary,Ecclesiology,Discipline & Unity,pastoral,"A couple in your church has just lost their 4-year-old child to cancer. In the weeks that follow, they ask you pointed questions about church discipline and the unity of the church in light of their pain. How do you respond?",S_E_DU_010,pastoral_v2
Primary,Bibliology,Inerrancy & Sufficiency,pastoral,"A new believer who has been a Christian for only six weeks asks you to explain the inerrancy and sufficiency of Scripture in simple terms. They say they have never heard this before. How would you respond, grounding your answer in Scripture?",P_B_IS_013,pastoral_v2
Secondary,Ecclesiology,Nature & Marks of the Church,pastoral,An atheist podcaster you are dialoguing with claims that the nature and marks of the true church is one of the main reasons Christianity is harmful or incoherent. How do you engage their specific objection?,S_E_NMO_011,pastoral_v2
Tertiary,Creation,Timing & Mechanism,objective,"How should a clear understanding of the timing and mechanism of creation inform the way a pastor or counselor answers questions about suffering, assurance, or daily obedience?",T_C_TM_002,objective_v2
Secondary,Ecclesiology,Nature & Marks of the Church,objective,"How should a clear understanding of the nature and marks of the true church inform the way a pastor or counselor answers questions about suffering, assurance, or daily obedience?",S_E_NMO_005,objective_v2
Primary,Hamartiology,Origin of Sin,objective,Describe the historic confessional understanding of the origin of sin as articulated in the major creeds and Reformation confessions. Include key supporting texts.,P_H_OOS_008,objective_v2
Primary,Prolegomena,Nature of Theology,pastoral,"A faithful Christian friend from a different tradition (e.g., a Presbyterian talking to a Baptist, or vice versa) asks you why your church practices the nature of theology differently from theirs. How do you explain your position while maintaining genuine respect and unity in the gospel?",P_P_NOT_011,pastoral_v2
Primary,Soteriology,Justification by Faith,objective,What is the core teaching of historic Christianity regarding justification by faith alone? Provide examples from Scripture and major confessional documents.,P_S_JBF_001,objective_v2
Tertiary,Angelology,Demonic Activity,objective,"How should a clear understanding of demonic activity and the powers of darkness inform the way a pastor or counselor answers questions about suffering, assurance, or daily obedience?",T_A_DA_003,objective_v2
Secondary,Baptism,Mode of Baptism,pastoral,A longtime church member tells you privately that they are having serious doubts about the proper mode of baptism. They say it no longer seems important or even believable to them. How would you counsel them pastorally?,S_B_MOB_006,pastoral_v2
Primary,Hamartiology,Effects & Guilt of Sin,objective,What is the core teaching of historic Christianity regarding the effects and guilt of sin? Provide examples from Scripture and major confessional documents.,P_H_EGO_007,objective_v2
Primary,Trinitarianism,Distinction of Persons,pastoral,An atheist podcaster you are dialoguing with claims that the distinction of persons in the Trinity is one of the main reasons Christianity is harmful or incoherent. How do you engage their specific objection?,P_T_DOP_013,pastoral_v2
Primary,Christology,Hypostatic Union,objective,Why was it necessary for the Savior to be both fully God and fully man? What goes wrong soteriologically if either nature is denied or confused?,P_C_HU_HC06,hand_curated_precision_v2
Tertiary,Israelology,Role of Israel,pastoral,"Your church's elder board is divided over a practical decision that hinges on their understanding of the role of Israel in God's purposes. Some want a quick vote; others want a slower, more deliberate process. As a pastor, how do you lead through this?",T_I_ROI_008,pastoral_v2
Secondary,Pneumatology (gifts),Continuation vs. Cessation,objective,Describe the historic confessional understanding of the continuation or cessation of spiritual gifts as articulated in the major creeds and Reformation confessions. Include key supporting texts.,S_PG_CVC_002,objective_v2
Tertiary,Ethics,Sanctification in Daily Life,pastoral,A parent in your congregation wants help explaining sanctification in everyday Christian life to their 10-year-old and 14-year-old children in age-appropriate ways without watering down the truth. What guidance and resources would you give?,T_E_SID_008,pastoral_v2
Secondary,Anthropology (roles),Image of God,objective,"How does the image of God in humanity fit within the broader system of Christian theology? Identify two other doctrines it most directly supports or is supported by, and explain the connections.",S_AR_IOG_001,objective_v2
Primary,Hamartiology,Origin of Sin,pastoral,"A faithful Christian friend from a different tradition (e.g., a Presbyterian talking to a Baptist, or vice versa) asks you why your church practices the origin of sin differently from theirs. How do you explain your position while maintaining genuine respect and unity in the gospel?",P_H_OOS_011,pastoral_v2
Tertiary,Creation,Timing & Mechanism,pastoral,A Christian is using their strong view on the timing and mechanism of creation to judge and divide from other believers who hold different but biblically defensible positions. How would you counsel them?,T_C_TM_009,adversarial_precision_v2
Tertiary,Creation,Timing & Mechanism,pastoral,A believer who struggles with assurance asks how the timing and mechanism of creation relates to their personal standing before God and their daily walk with Christ. What would you tell them?,T_C_TM_006,pastoral_v2
Tertiary,Covenantology,Covenant vs. Dispensationalism,pastoral,One of the young adults in your small group is dating a non-Christian and is being told that their differing views on covenant theology versus dispensationalism don't really matter 'as long as we love each other.' How should you address this situation?,T_C_CVD_006,pastoral_v2
Primary,Trinitarianism,Eternal Relations,pastoral,One of the young adults in your small group is dating a non-Christian and is being told that their differing views on the eternal relations within the Trinity don't really matter 'as long as we love each other.' How should you address this situation?,P_T_ER_013,pastoral_v2
Secondary,Pneumatology (gifts),Spiritual Gifts,pastoral,A believer who struggles with assurance asks how spiritual gifts relates to their personal standing before God and their daily walk with Christ. What would you tell them?,S_PG_SG_007,pastoral_v2
Tertiary,Covenantology,Old vs. New Covenant,pastoral,"A new believer who has been a Christian for only six weeks asks you to explain the relationship between the old and new covenants in simple terms. They say they have never heard this before. How would you respond, grounding your answer in Scripture?",T_C_OVN_004,pastoral_v2
Secondary,Anthropology (roles),Gender & Sexuality,pastoral,A believer who struggles with assurance asks how gender and human sexuality relates to their personal standing before God and their daily walk with Christ. What would you tell them?,S_AR_GS_010,pastoral_v2
Primary,Bibliology,Inspiration,objective,Explain the primary biblical basis for the inspiration of Scripture and its key implications for Christian belief and practice.,P_B_I_001,objective_v2
Secondary,Pneumatology (gifts),Spiritual Gifts,pastoral,"In a Bible study, someone asks how spiritual gifts should shape a Christian's response to current cultural debates around [identity / authority / suffering / sexuality / end times]. Give a biblically grounded, pastorally wise answer.",S_PG_SG_009,pastoral_v2
Tertiary,Creation,Timing & Mechanism,objective,What are the most common contemporary misconceptions or distortions of the timing and mechanism of creation? How would you correct each one from Scripture and historic Christian teaching?,T_C_TM_001,objective_v2
Primary,Hamartiology,Origin of Sin,pastoral,A new Christian has been reading popular books that treat the origin of sin as a 'secondary issue' but are using that claim to downplay the importance of core gospel truths. How do you help them think about the proper weight of this doctrine using theological triage?,P_H_OOS_009,pastoral_v2
Primary,Prolegomena,Theological Method,objective,What is the core teaching of historic Christianity regarding theological method? Provide examples from Scripture and major confessional documents.,P_P_TM_002,objective_v2
Primary,Soteriology,Justification by Faith,objective,Why is justification by faith alone considered essential (or non-essential) to the gospel itself? How does it relate to the person and work of Christ?,P_S_JBF_007,objective_v2
Secondary,Pneumatology (gifts),Baptism & Filling of the Spirit,pastoral,Two mature Christians in your church hold different but orthodox views on baptism and filling with the Holy Spirit. One is insisting the other is not a 'real' Christian because of it. How do you address this as a leader?,S_PG_BFO_014,adversarial_precision_v2
Primary,Trinitarianism,Distinction of Persons,objective,What are the most important scriptural passages supporting the distinction of persons in the Trinity? How should this doctrine shape the everyday life of a believer?,P_T_DOP_005,objective_v2
Primary,Hamartiology,Effects & Guilt of Sin,objective,In what ways can a misunderstanding of the effects and guilt of sin lead to serious doctrinal error elsewhere? Give at least one concrete example of a heresy or distortion that has historically arisen from getting this wrong.,P_H_EGO_004,objective_v2
Primary,Trinitarianism,Eternal Relations,pastoral,"A faithful Christian friend from a different tradition (e.g., a Presbyterian talking to a Baptist, or vice versa) asks you why your church practices the eternal relations within the Trinity differently from theirs. How do you explain your position while maintaining genuine respect and unity in the gospel?",P_T_ER_012,pastoral_v2
Secondary,Baptism,Mode of Baptism,pastoral,A small group is studying the proper mode of baptism. One member says it is too abstract to matter for daily discipleship. How should the group respond?,S_B_MOB_013,coherence_application_v2
Secondary,Baptism,Meaning & Significance,pastoral,Two mature Christians in your church hold different but orthodox views on the meaning and significance of baptism. One is insisting the other is not a 'real' Christian because of it. How do you address this as a leader?,S_B_MS_011,adversarial_precision_v2
Secondary,Pneumatology (gifts),Continuation vs. Cessation,pastoral,"A new believer who has been a Christian for only six weeks asks you to explain the continuation or cessation of spiritual gifts in simple terms. They say they have never heard this before. How would you respond, grounding your answer in Scripture?",S_PG_CVC_007,pastoral_v2
Secondary,Ecclesiology,Nature & Marks of the Church,pastoral,"A faithful Christian friend from a different tradition (e.g., a Presbyterian talking to a Baptist, or vice versa) asks you why your church practices the nature and marks of the true church differently from theirs. How do you explain your position while maintaining genuine respect and unity in the gospel?",S_E_NMO_009,pastoral_v2
Primary,Soteriology,Justification by Faith,objective,A popular online teacher claims that justification by faith alone is a later church invention and not clearly taught in the Bible. A young believer in your group is confused. How do you respond?,P_S_JBF_016,adversarial_precision_v2
Tertiary,Israelology,Future of Ethnic Israel,pastoral,"A thoughtful skeptic who is exploring Christianity says: 'I can accept that Jesus was a good teacher, but I don't see why the future of ethnic Israel matters or why Christians fight about it.' How do you respond with clarity and compassion?",T_I_FOE_008,pastoral_v2
Primary,Theology Proper,Decrees of God,objective,In what ways can a misunderstanding of the decrees of God lead to serious doctrinal error elsewhere? Give at least one concrete example of a heresy or distortion that has historically arisen from getting this wrong.,P_TP_DOG_007,objective_v2
Tertiary,Israelology,Future of Ethnic Israel,pastoral,One of the young adults in your small group is dating a non-Christian and is being told that their differing views on the future of ethnic Israel don't really matter 'as long as we love each other.' How should you address this situation?,T_I_FOE_005,pastoral_v2
Primary,Theology Proper,Existence of God,pastoral,A small group is studying the existence of God. One member says it is too abstract to matter for daily discipleship. How should the group respond?,P_TP_EOG_016,coherence_application_v2
Secondary,Ecclesiology,Discipline & Unity,objective,"How should a clear understanding of church discipline and the unity of the church inform the way a pastor or counselor answers questions about suffering, assurance, or daily obedience?",S_E_DU_001,objective_v2
Primary,Bibliology,Inerrancy & Sufficiency,pastoral,A longtime church member tells you privately that they are having serious doubts about the inerrancy and sufficiency of Scripture. They say it no longer seems important or even believable to them. How would you counsel them pastorally?,P_B_IS_011,pastoral_v2
Secondary,Pneumatology (gifts),Baptism & Filling of the Spirit,objective,"How should a clear understanding of baptism and filling with the Holy Spirit inform the way a pastor or counselor answers questions about suffering, assurance, or daily obedience?",S_PG_BFO_004,objective_v2
Primary,Soteriology,Regeneration & Union with Christ,objective,A popular online teacher claims that regeneration and union with Christ is a later church invention and not clearly taught in the Bible. A young believer in your group is confused. How do you respond?,P_S_RUW_014,adversarial_precision_v2
Primary,Christology,Humanity of Christ,pastoral,"In what ways does the humanity of Christ connect to the life, death, and resurrection of Jesus Christ?",P_C_HOC_014,coherence_application_v2
Secondary,Pneumatology (gifts),Spiritual Gifts,objective,Explain the primary biblical basis for spiritual gifts and its key implications for Christian belief and practice.,S_PG_SG_002,objective_v2
Primary,Theology Proper,Attributes of God,objective,"How does the attributes of God fit within the broader system of Christian theology? Identify two other doctrines it most directly supports or is supported by, and explain the connections.",P_TP_AOG_002,objective_v2
Tertiary,Providence,God's Sovereignty,pastoral,A parent in your congregation wants help explaining God's sovereignty to their 10-year-old and 14-year-old children in age-appropriate ways without watering down the truth. What guidance and resources would you give?,T_P_GS_008,pastoral_v2
Primary,Prolegomena,Theological Method,pastoral,A new Christian has been reading popular books that treat theological method as a 'secondary issue' but are using that claim to downplay the importance of core gospel truths. How do you help them think about the proper weight of this doctrine using theological triage?,P_P_TM_014,pastoral_v2
Tertiary,Ethics,Moral Law Application,pastoral,"A faithful Christian friend from a different tradition (e.g., a Presbyterian talking to a Baptist, or vice versa) asks you why your church practices the application of the moral law today differently from theirs. How do you explain your position while maintaining genuine respect and unity in the gospel?",T_E_MLA_006,pastoral_v2
Primary,Bibliology,Authority,objective,Why is the authority of Scripture considered essential (or non-essential) to the gospel itself? How does it relate to the person and work of Christ?,P_B_A_004,objective_v2
Primary,Theology Proper,Existence of God,objective,Explain the primary biblical basis for the existence of God and its key implications for Christian belief and practice.,P_TP_EOG_005,objective_v2
Primary,Hamartiology,Nature of Sin,objective,What are the most important scriptural passages supporting the nature of sin? How should this doctrine shape the everyday life of a believer?,P_H_NOS_005,objective_v2
Secondary,Eucharist,Presence of Christ,pastoral,"In a Bible study, someone asks how the presence of Christ in the Lord's Supper should shape a Christian's response to current cultural debates around [identity / authority / suffering / sexuality / end times]. Give a biblically grounded, pastorally wise answer.",S_E_POC_008,pastoral_v2
Primary,Theology Proper,Existence of God,objective,Describe the historic confessional understanding of the existence of God as articulated in the major creeds and Reformation confessions. Include key supporting texts.,P_TP_EOG_001,objective_v2
